Name,Temp_1,Temp_2,Temp_3,Temp_4,Protein,Carbs
Abelmoschus esculentus,20,30,12,35,60,165
Abelmoschus manihot,22,30,16,36,83,136
Abelmoschus moschatus,20,30,10,35,93,206
Acacia auriculiformis,24,32,10,40,86,226
Acacia farnesiana,20,32,7,42,83,154
Acacia holosericea,24,32,12,45,97,150
Adenanthera pavonina,22,28,12,36,27,112
Aeschynomene americana,22,30,7,35,49,147
Agathis australis,14,24,5,32,51,264
Agathis macrophylla,22,32,10,40,96,125
Agathis robusta,18,30,6,38,52,240
Agave sisalana,15,27,10,45,49,217
Albizia falcataria,22,31,17,40,50,202
Albizia lebbeck,26,36,12,48,53,264
Albizia procera,20,33,10,45,32,113
Albizia stipulata,22,34,4,43,31,234
Aleurites fordii,17,22,10,28,58,105
Aleurites moluccana,18,28,14,32,65,224
Aleurites montana,25,30,18,34,95,283
Allium ampeloprasum,18,24,6,27,23,236
Allium cepa,12,25,4,30,88,146
Allium fistulosum,12,25,6,30,54,229
Allium sativum,18,30,7,35,33,148
Alstonia scholaris,22,28,12,36,99,110
Amaranthus cruentus,22,28,10,45,97,175
Amaranthus sp.,19,30,7,45,48,209
Amorphophallus paeoniifolius,28,35,25,40,84,113
Anacardium occidentale,15,35,5,46,20,267
Ananas comosus,21,30,10,36,66,221
Annona muricata,20,30,13,36,85,170
Annona reticulata,23,27,7,34,64,181
Annona squamosa,23,30,11,41,13,166
Anthocephalus chinensis,22,35,15,42,86,230
Apium graveolens,15,21,5,25,26,119
Apium graveolens var. dulce,18,25,4,28,30,120
Araucaria cunninghamii,18,28,5,34,36,212
Areca catechu,16,33,7,39,92,300
Artocarpus heterophyllus,20,30,16,34,34,286
Asparagus officinalis,15,30,6,38,25,117
Asystasia gangetica,23,28,8,37,64,215
Avena sativa,16,20,5,30,45,140
Averrhoa bilimbi,23,30,10,36,82,145
Averrhoa carambola,24,30,5,39,53,202
Axonopus compressus,23,30,16,35,44,158
Bambusa vulgaris,22,28,9,32,48,230
Barringtonia racemosa,160,28,12,38,37,231
Basella alba,23,27,10,35,32,294
Basella rubra,23,27,10,35,90,280
Bauhinia variegata,12,38,5,47,16,130
Benincasa hispida,24,30,12,37,83,282
Beta vulgaris,15,25,4,35,18,174
Bidens pilosa,17,32,10,38,66,190
Bixa orellana,20,28,15,36,53,130
Bothriochloa bladhii,15,28,5,33,68,120
Brachiaria brizantha,25,35,15,38,20,128
Brachiaria decumbens,25,35,19,38,28,173
Brachiaria humidicola,32,35,20,45,59,108
Brachiaria miliiformis,24,30,10,35,40,128
Brachiaria mutica,21,30,15,46,13,248
Brachiaria ruziziensis,25,33,19,40,26,147
Brachychiton populneus,25,32,13,38,97,136
Brassica chinensis,12,22,8,34,61,291
Brassica juncea,15,28,7,40,95,186
Brassica napus,15,25,5,41,29,266
Brassica nigra,10,25,5,27,92,271
Allium cepa var. cepa,12,25,4,30,67,213
Brassica oleracea var. botrytis,10,25,5,30,86,210
Brassica oleracea var. capitata,15,24,7,32,20,127
Brassica oleracea var. gemmifera,12,20,7,25,20,204
Brassica oleracea var. italica,15,24,3,35,95,274
Broussonetia papyrifera,15,28,12,38,55,180
Cajanus cajan,18,38,10,45,20,244
Calophyllum inophyllum,28,35,10,42,63,242
Allium tuberosum,10,20,2,35,19,130
Calopogonium caeruleum,18,25,10,32,91,213
Calopogonium mucunoides,24,32,18,36,17,197
Camellia sinensis,20,30,8,35,79,213
Campnosperma brevipetiolata,28,34,16,38,77,165
Cananga odorata,20,30,16,34,51,106
Canarium indicum,22,28,10,34,12,245
Canavalia ensiformis,20,28,14,36,26,232
Canna indica,12,32,14,24,36,228
Capsicum annuum,17,30,8,35,78,228
Capsicum frutescens,18,30,7,40,31,189
Carica papaya,21,30,12,44,35,215
Casimiroa edulis,18,26,14,31,77,191
Cassia alata,23,29,12,33,64,169
Cassia fistula,18,30,4,48,44,189
Cassia occidentalis,22,28,9,32,94,169
Castilla elastica,23,30,15,34,12,220
Casuarina equisetifolia,20,35,10,40,60,254
Casuarina oligodon,22,28,10,32,44,190
Catharanthus roseus,20,30,10,34,22,295
Cedrela odorata,22,32,11,39,75,237
Ceiba pentandra,17,38,12,40,57,271
Celosia argentea,25,30,20,40,93,270
Cenchrus ciliaris,22,37,5,42,26,280
Centrosema pubescens,20,30,13,35,90,229
Chloris gayana,20,37,5,50,24,214
Chloris virgata,25,30,10,35,11,204
Chromolaena odorata,20,35,16,38,34,157
Chrysophyllum cainito,22,28,12,35,84,102
Chrysopogon aciculatus,22,28,15,35,97,137
Cichorium endivia,15,23,5,30,59,256
Cichorium intybus,10,30,6,35,82,272
Cinchona pubescens,17,25,9,28,18,122
Cinnamomum camphora,18,26,12,30,21,125
Cinnamomum verum,24,30,18,36,16,157
Citrullus lanatus,20,35,15,40,70,180
Citrus aurantium,25,30,12,42,69,149
Citrus grandis,23,32,12,40,14,244
Citrus limon,15,28,12,36,85,128
Citrus medica,21,27,12,35,86,292
Citrus paradisi,18,32,13,42,64,230
Citrus reticulata,23,34,12,38,28,249
Citrus sinensis,20,30,13,38,96,146
Citrus sp.,23,30,13,42,70,176
Clitoria ternatea,19,28,15,32,37,273
Coccoloba uvifera,21,26,10,32,50,199
Cocos nucifera,22,34,14,38,83,100
Coffea arabica,14,28,10,34,79,200
Coffea canephora,20,30,12,36,49,289
Coffea liberica,24,30,18,36,37,283
Coleus amboinicus,22,28,10,36,91,292
Colocasia esculenta,21,28,10,35,11,203
Cordia alliodora,24,32,16,36,27,288
Coriandrum sativum,15,25,4,32,69,295
Crotalaria juncea,20,30,4,40,25,211
Crotalaria pallida,22,30,13,34,72,117
Allium schoenoprasum,10,20,2,35,56,295
Cucumis melo,18,30,9,35,79,238
Cucumis sativus,18,32,6,38,57,143
Cucurbita maxima,20,30,9,38,100,152
Cucurbita moschata,20,30,10,40,38,262
Cucurbita pepo,17,30,6,40,38,281
Curcuma longa,20,28,18,32,28,179
Cyamopsis tetragonoloba,25,35,10,45,58,237
Cymbopogon citratus,24,30,18,34,75,173
Cymbopogon flexuosus,22,30,13,34,17,100
Cynara scolymus,15,25,5,30,63,276
Cynodon dactylon,17,35,6,40,23,215
Cyperus rotundus,24,32,10,45,81,205
Cyphomandra betacea,16,22,10,30,54,189
Dactyloctenium aegyptium,21,28,10,32,13,239
Daucus carota,15,24,3,30,80,138
Delonix regia,22,35,6,39,14,224
Dendrocalamus giganteus,20,27,15,34,72,166
Derris elliptica,24,30,20,36,32,133
Actinidia chinensis,21,30,8,35,85,264
Desmodium heterophyllum,23,28,12,35,51,252
Desmodium incanum,25,32,7,36,86,227
Desmodium intortum,25,33,7,36,10,107
Desmodium triflorum,18,28,14,32,77,102
Desmodium uncinatum,25,32,15,34,55,291
Dichanthium annulatum,22,30,7,40,19,157
Dichanthium aristatum,22,30,5,35,10,191
Dichanthium caricosum,32,35,12,40,91,290
Digitaria didactyla,25,35,15,42,86,130
Digitaria eriantha ssp. eriantha,24,35,10,41,95,294
Digitaria decumbens,28,32,6,35,70,126
Dillenia indica,30,40,7,47,97,247
Dioscorea alata,20,32,14,40,19,281
Dioscorea bulbifera,20,30,12,38,59,294
Dioscorea esculenta,28,32,17,45,89,294
Dioscorea rotundata,25,32,15,38,76,287
Diospyros kaki,20,31,8,35,65,272
Dodonaea viscosa,18,38,7,45,11,205
Durio zibethinus,22,40,12,45,84,241
Echinochloa colona,22,30,6,42,41,200
Echinochloa crus-galli,17,30,2,40,27,173
Elaeis guineensis,20,35,12,38,53,161
Elettaria cardamomum,22,30,10,35,57,149
Eleusine indica,20,26,6,35,67,107
Emilia sonchifolia,20,30,10,40,26,262
Eriobotrya japonica,21,27,9,36,63,128
Erythrina fusca,16,24,12,32,45,124
Erythrina variegata,17,27,10,34,18,178
Eucalyptus camaldulensis,12,28,7,40,46,186
Eucalyptus deglupta,24,32,16,38,96,115
Eucalyptus grandis,24,35,7,40,61,260
Eucalyptus papuana,20,28,10,46,80,224
Eucalyptus robusta,16,32,5,36,84,140
Eucalyptus saligna,15,32,4,36,30,127
Eucalyptus tereticornis,18,38,4,42,47,148
Syzygium cumini,20,32,12,48,75,129
Syzygium malaccense,22,28,16,33,55,205
Excoecaria agallocha,20,30,15,37,55,267
Feijoa sellowiana,20,28,12,32,64,237
Ficus carica,16,26,4,38,20,253
Ficus elastica,20,30,10,36,57,157
Allium cepa var. aggregatum,20,25,10,30,19,255
Flemingia macrophylla,22,28,12,36,44,115
Foeniculum vulgare,15,25,6,32,52,114
Fortunella japonica,26,35,12,40,84,149
Fragaria x ananassa,11,24,6,28,14,198
Garcinia mangostana,20,30,15,40,53,243
Garcinia xanthochymus,22,28,16,36,88,188
Gliricidia sepium,15,30,12,44,62,124
Glycine max,20,33,10,38,22,265
Gmelina arborea,22,34,16,46,97,137
Gossypium barbadense,22,32,15,38,30,196
Gossypium hirsutum,22,36,15,42,96,226
Grevillea robusta,15,28,8,34,14,166
Helianthus annuus,17,34,5,45,12,241
Helianthus tuberosus,15,27,7,30,52,166
Hemarthria altissima,31,35,7,38,14,195
Heritiera littoralis,20,30,10,35,47,167
Heteropogon contortus,28,34,20,38,73,233
Hevea brasiliensis,24,33,10,45,97,261
Hibiscus cannabinus,15,28,10,35,25,138
Hibiscus sabdariffa,16,32,10,36,56,202
Hibiscus syriacus,15,28,11,41,60,164
Hibiscus tiliaceus,22,32,10,36,39,219
Hordeum vulgare,15,20,2,40,78,179
Imperata cylindrica,25,35,20,40,64,180
Indigofera spicata,22,30,13,36,42,183
Inga edulis,23,30,18,35,62,112
Intsia bijuga,22,28,12,34,56,186
Ipomoea aquatica,15,35,10,40,40,251
Ipomoea batatas,18,28,10,38,34,198
Ischaemum muticum,22,28,17,35,29,116
Ischaemum rugosum,22,28,10,35,71,230
Ischaemum timorense,22,28,10,35,92,197
Jatropha curcas,11,28,7,36,66,289
Lablab purpureus,18,32,3,38,86,236
Lactuca sativa var. capitata,12,21,5,30,51,160
Lagenaria siceraria,19,27,12,38,58,194
Lagerstroemia flos-reginae,18,35,6,43,29,100
Laurus nobilis,17,25,8,30,69,162
Lawsonia inermis,19,27,13,33,95,246
Lespedeza cuneata,16,26,6,36,25,215
Leucaena leucocephala,20,32,10,42,98,251
Litchi chinensis,20,35,15,40,37,253
Lolium perenne,14,25,4,35,92,217
Lolium rigidum,10,25,5,30,34,295
Lotononis bainesii,14,32,8,35,82,105
Luffa acutangula,20,32,15,38,77,185
Lycopersicon esculentum,20,27,7,35,35,205
Macadamia integrifolia,10,26,8,35,92,292
Macadamia tetraphylla,14,28,8,38,86,176
Macaranga tanarius,20,30,15,35,32,270
Macroptilium atropurpureum,21,32,13,36,61,115
Macroptilium lathyroides,25,30,15,35,90,204
Macrotyloma axillare,20,28,11,36,71,243
Macrotyloma uniflorum,20,28,17,35,42,242
Malpighia glabra,24,30,5,34,64,203
Malus domestica,14,27,8,33,99,197
Malus sylvestris,10,30,6,35,18,270
Mammea americana,24,30,12,35,11,121
Mangifera indica,24,30,8,48,66,200
Manihot esculenta,20,29,10,35,42,224
Medicago sativa,21,27,5,45,73,295
Melaleuca leucadendron,28,37,18,40,59,228
Melaleuca quinquenervia,18,30,8,38,19,192
Melaleuca symphyocarpa,22,37,14,42,44,272
Melicoccus bijugatus,22,30,13,34,74,123
Melinis minutiflora,22,30,8,36,63,208
Mentha arvensis var. piperascens,10,25,3,30,16,183
Metroxylon sagu,25,36,18,40,63,268
Microstegium ciliatum,23,27,10,35,21,272
Mimosa pudica,22,28,10,32,19,136
Monochoria vaginalis,22,35,13,38,35,239
Morinda citrifolia,24,30,12,36,95,291
Morus alba,20,28,13,45,75,146
Muntingia calabura,22,32,10,36,56,122
Musa textilis,20,29,16,33,18,264
Myristica fragrans,22,34,12,38,24,241
Nasturtium officinale,12,17,6,32,60,153
Nauclea diderrichii,28,34,22,38,94,298
Nephelium lappaceum,21,35,10,42,11,180
Nicotiana tabacum,15,30,7,35,24,267
Nypa fruticans,23,27,20,35,24,140
Ocimum basilicum,18,27,7,36,95,166
Olea europaea,20,34,5,40,52,100
Oryza sativa,20,30,10,36,24,221
Pachyrhizus erosus,20,30,15,36,87,298
Panicum antidotale,18,25,9,31,15,216
Panicum coloratum,17,26,8,35,42,292
Panicum maximum,19,30,6,35,59,160
Parkinsonia aculeata,24,32,16,36,99,277
Paspalum dilatatum,20,30,13,36,39,132
Paspalum plicatulum,10,23,7,45,68,105
Paspalum scrobiculatum,25,27,5,33,32,127
Passiflora edulis,20,30,18,34,34,184
Passiflora edulis var. flavicarpa,25,32,15,36,13,118
Passiflora laurifolia,22,30,12,36,37,272
Passiflora mollissima,15,18,8,30,96,171
Passiflora quadrangularis,18,30,12,35,84,288
Pastinaca sativa,15,21,5,25,72,207
Pennisetum clandestinum,16,26,5,31,85,107
Pennisetum polystachyon,32,35,12,40,20,171
Pennisetum purpureum,21,40,15,45,61,189
Persea americana,14,40,10,45,29,167
Petroselinum crispum,11,20,7,28,24,241
Phaseolus coccineus,12,26,5,30,67,213
Phaseolus lunatus,16,28,13,34,37,209
Phaseolus vulgaris,16,25,7,32,91,131
Phoenix dactylifera,26,45,10,52,43,100
Phragmites karka,22,30,10,35,35,106
Physalis peruviana,16,25,10,32,11,172
Pimenta dioica,15,32,10,35,69,139
Pinus caribaea,22,34,16,40,22,162
Pinus merkusii,24,32,18,36,26,124
Pinus michoacana,20,28,9,32,16,129
Pinus oocarpa,16,30,10,34,80,148
Pinus patula,18,29,10,33,13,101
Pinus pseudostrobus,18,26,9,32,32,229
Pinus radiata,18,30,7,34,34,105
Pinus taeda,20,25,10,29,43,268
Piper betle,22,27,17,31,75,273
Piper methysticum,22,35,14,40,99,156
Piper nigrum,22,35,10,40,43,259
Pisum sativum,10,24,4,30,18,289
Pogostemon cablin,23,28,16,32,36,116
Pongamia pinnata,16,40,10,50,85,272
Portulaca oleracea,18,32,7,36,34,170
Prosopis alba,10,20,7,28,80,276
Prunus persica,20,33,7,35,53,252
Psidium cattleianum,22,28,9,32,55,259
Psidium guajava,20,33,10,45,60,106
Psophocarpus tetragonolobus,18,30,14,40,29,229
Pterocarpus indicus,24,32,12,37,29,155
Pueraria lobata,18,28,9,32,78,142
Pueraria phaseoloides,15,30,12,35,19,271
Punica granatum,23,32,8,40,31,258
Pyrus communis,20,35,10,37,25,256
Raphanus sativus,12,26,10,37,18,146
Rhizophora mangle,20,30,10,38,74,236
Rhizophora mucronata,20,28,15,32,72,192
Rhizophora stylosa,22,34,12,44,47,188
Ricinus communis,20,30,15,39,50,190
Rubus idaeus ssp. idaeus,17,23,5,28,29,164
Rubus sp.,14,20,3,28,70,200
Saccharum edule,20,30,12,38,89,259
Saccharum officinarum,24,37,15,41,80,284
Saccharum robustum,24,30,15,38,54,163
Saccharum spontaneum,25,35,17,40,64,195
Samanea saman,20,35,15,40,95,223
Secale cereale,15,20,3,31,65,284
Sechium edule,19,30,12,40,29,268
Sesamum indicum,20,30,10,40,61,189
Sesbania grandiflora,24,34,16,40,75,140
Setaria sphacelata  var. sericea,22,30,16,36,48,238
Setaria sphacelata var. splendida,22,30,16,36,78,283
Solanum americanum,20,35,15,40,66,137
Solanum melongena,20,35,9,40,44,294
Solanum nigrum,21,28,8,40,81,282
Solanum quitoense,15,25,10,30,88,139
Solanum torvum,17,29,12,35,90,290
Solanum tuberosum,15,25,7,30,19,104
Sonneratia caseolaris,20,30,10,38,57,160
Sorghum bicolor var. sweet,27,35,8,40,36,154
Sorghum halepense,24,32,15,36,10,272
Sorghum X almum,19,26,15,35,51,271
Spathodea campanulata,27,30,23,34,56,209
Spinacia oleracea,13,20,2,27,76,132
Spondias cytherea,22,27,12,35,63,201
Spondias mombin,21,27,13,35,20,211
Stenotaphrum secundatum,18,30,10,34,56,116
Stylosanthes hamata,22,28,15,35,32,180
Stylosanthes viscosa,22,30,16,36,23,241
Swietenia macrophylla,20,30,11,39,33,130
Swietenia mahogani,24,32,16,36,65,272
Tabebuia rosea,22,30,17,34,57,232
Tamarindus indica,20,35,12,45,45,298
Tecoma stans,15,25,10,35,30,258
Tectona grandis,22,32,14,43,78,154
Tephrosia candida,20,30,14,34,28,268
Tephrosia vogelii,20,28,10,32,20,218
Terminalia brassii,28,34,20,38,92,181
Terminalia calamansanai,28,34,18,38,41,234
Terminalia catappa,21,32,10,36,21,177
Terminalia superba,22,30,18,36,81,163
Themeda australis,15,25,4,35,70,200
Themeda triandra,22,28,15,35,71,249
Theobroma cacao,21,32,10,38,20,229
Thespesia populnea,20,30,10,35,56,225
Tithonia diversifolia,15,31,12,38,41,252
Toona australis,18,28,8,36,93,189
Trema orientalis,15,27,8,34,66,126
Mentha piperita,15,25,4,35,31,208
Trichosanthes cucumerina,22,35,14,38,60,109
Trifolium pratense,18,25,4,40,69,113
Trifolium repens,14,22,4,26,26,139
Trifolium semipilosum,16,27,5,32,50,264
Trifolium usambarense,15,28,12,32,25,107
Triticum aestivum,15,23,5,27,22,104
Ullucus tuberosus,12,20,5,28,33,247
Urena lobata,21,27,18,32,71,144
Vanilla planifolia,21,30,10,33,98,264
Vetiveria zizanioides,22,35,12,45,45,169
Vicia faba,18,28,5,32,45,198
Vigna angularis,15,30,5,36,69,237
Vigna mungo,22,35,8,40,33,142
Vigna radiata,21,36,8,40,49,209
Vigna umbellata,18,30,10,40,76,216
Vigna unguiculata,25,35,15,40,62,136
Vitis vinifera,18,30,10,38,19,216
Xanthosoma sagittifolium,20,28,10,35,46,123
Zea mays,18,33,10,47,67,129
Zingiber officinale,19,29,13,35,74,143
Amaranthus caudatus,21,28,7,40,61,131
Amaranthus dubius,22,30,12,45,11,274
Amaranthus lividus,21,27,18,32,59,178
Amaranthus tricolor,22,30,8,45,86,116
Anethum graveolens,15,18,6,26,35,299
Annona cherimola,17,25,7,32,49,141
Annona diversifolia,20,26,16,31,34,277
Annona purpurea,22,30,17,35,51,249
Antidesma bunius,23,27,17,33,74,260
Arachis hypogaea,22,32,10,45,69,300
Blighia sapida,24,27,20,34,37,101
Brassica oleracea var. gongyloides,12,18,5,25,29,177
Canavalia gladiata,15,30,12,36,17,101
Canna edulis,20,30,9,32,52,228
Carya illinoensis,15,35,5,40,84,281
Castanea sativa,15,25,7,30,38,234
Castanospermum australe,20,32,10,41,43,295
Citrus aurantifolia,26,32,13,38,21,275
Corylus avellana,10,24,5,35,95,283
Diospyros digyna,20,27,12,34,100,132
Syzygium javanicum,23,28,16,33,11,167
Fagopyrum esculentum,17,27,7,40,12,138
Flacourtia indica,22,40,10,48,70,135
Fortunella margarita,26,37,12,40,54,148
Fragaria vesca,12,20,5,28,61,248
Garcinia dulcis,22,30,16,38,62,164
Bactris gasipaes,18,28,12,35,82,285
Juglans regia,15,30,7,40,55,152
Lansium domesticum,20,35,12,40,32,295
Manilkara achras,20,34,11,42,84,272
Maranta arundinacea,23,29,17,34,49,184
Melissa officinalis,14,25,6,30,33,121
Monochoria hastata,25,35,16,38,38,190
Moringa oleifera,20,35,7,48,84,144
Morus nigra,15,25,10,38,38,272
Mucuna pruriens var utilis,20,30,10,35,14,257
Nasturtium schlechteri,15,28,10,35,73,298
Nelumbo nucifera,25,30,10,40,15,284
Nephelium mutabile,26,32,18,38,56,219
Ocimum americanum,22,30,10,35,18,100
Oenanthe javanica,10,30,4,32,73,248
Origanum majorana,20,26,10,30,95,266
Origanum vulgare,17,28,4,32,13,257
Oxalis tuberosa,12,24,5,28,51,210
Parinari nonda,26,37,14,42,70,290
Passiflora ligularis,22,26,16,31,85,212
Pistacia vera,25,35,12,40,82,216
Polyscias verticillata,22,34,14,38,40,158
Pouteria campechiana,20,26,16,30,20,284
Prunus amygdalus,12,35,10,40,29,237
Prunus armeniaca,14,35,7,40,37,197
Rungia klossii,12,17,12,29,20,111
Salvia officinalis,15,26,5,30,45,272
Sambucus nigra,12,22,5,30,38,222
Sterculia foetida,18,32,16,36,13,105
Talinum triangulare,22,30,15,36,38,167
Thymus vulgaris,16,25,4,30,75,199
Tragopogon porrifolius,13,19,2,24,29,293
Tropaeolum tuberosum,12,20,4,24,67,201
Ximenia americana,14,30,10,36,83,236
Rheum rhaponticum,15,24,5,30,11,173
Eugenia aromatica,24,34,20,38,45,210
Annona cherimola x Annona squamosa,24,28,12,32,31,123
Pangium edule,22,28,18,32,77,107
Brosimum alicastrum,18,25,12,35,52,273
Beta vulgaris var. cicla,15,25,5,35,82,126
Luffa cylindrica,23,27,10,38,93,258
Cicer arietinum,15,29,7,35,35,130
Musa sp.,22,32,13,38,90,269
Alocasia macrorrhizos,20,25,10,32,20,188
Eleocharis dulcis,23,29,15,34,52,294
Bruguiera gymnorrhiza,20,26,15,30,42,157
Avicennia officinalis,25,34,15,38,12,224
Musa balbisiana,23,28,16,38,57,204
Coffea excelsa,13,26,9,32,68,271
Chenopodium quinoa,14,18,2,35,20,255
Carthamus tinctorius,20,32,5,45,99,279
Phaseolus acutifolius,20,30,8,38,82,229
Lupinus angustifolius,12,18,4,26,17,282
Vigna aconitifolia,24,32,13,45,29,261
Phaseolus polyanthus,14,24,10,28,65,106
Indigofera hirsuta,22,30,13,34,85,163
Solanum muricatum,15,25,10,30,62,147
Agropyron intermedium,15,20,5,36,97,245
Pinus palustris,22,31,10,35,26,273
Pinus pinaster,18,30,6,34,55,272
Pinus ponderosa,15,24,4,28,25,284
Abies balsamea,10,18,4,26,24,279
Abies concolor,10,18,5,22,71,298
Abies pindrow,16,24,2,32,29,297
Abroma augustum,26,31,18,36,20,220
Acacia acradenia,24,34,8,42,73,109
Acacia acuminata,17,28,6,38,99,163
Acacia ammobia,24,36,10,43,26,253
Acacia ampliceps,14,36,5,46,17,168
Acacia ancistrocarpa,22,34,10,46,80,153
Acacia aneura,20,34,8,46,54,180
Acacia anticeps,18,28,8,36,72,132
Acacia argyrodendron,22,32,10,40,52,297
Acacia ataxacantha,22,35,10,45,72,149
Acacia aulacocarpa,18,32,12,43,85,238
Acacia bidwillii,22,32,10,40,57,168
Acacia brachystachya,20,40,4,58,53,119
Acacia brassii,22,30,12,38,18,294
Acacia burrowii,18,30,8,40,50,212
Acacia calcicola,22,32,8,42,80,149
Acacia cambagei,20,30,5,40,75,278
Acacia catechu,25,35,7,48,66,216
Acacia cincinnata,22,32,10,39,95,110
Acacia coriacea,24,32,10,43,95,250
Acacia cowleana,24,35,12,45,12,279
Acacia crassicarpa,24,32,15,39,49,231
Acacia cyclops,18,26,5,35,41,138
Acacia dealbata,15,26,6,32,59,221
Acacia dictyophleba,22,30,8,38,10,149
Acacia difficilis,22,35,13,42,73,245
Acacia erioloba,15,35,10,45,87,162
Acacia falciformis,18,32,7,40,78,174
Acacia fasciculifera,18,32,10,40,33,167
Acacia flavescens,22,34,11,38,56,195
Acacia glaucocaesia,14,30,5,36,59,262
Acacia glaucocarpa,18,35,8,40,21,200
Acacia harpophylla,18,28,7,40,52,175
Acacia irrorata,18,32,10,39,34,238
Acacia jennerae,12,30,5,36,48,268
Acacia jensenii,12,30,5,36,23,244
Acacia julifera ssp. gilbertensis,24,35,12,41,72,248
Acacia julifera ssp. julifera,20,32,10,38,20,105
Acacia karroo,19,33,12,40,12,278
Acacia laeta,24,32,14,45,18,209
Acacia latzii,22,35,10,44,32,197
Acacia leptocarpa,22,33,10,39,10,228
Acacia leucophloea,22,32,12,38,78,182
Acacia ligulata,18,33,8,42,51,298
Acacia macdonnelliensis,24,33,8,42,22,204
Acacia maconochieana,24,36,10,42,86,223
Acacia maidenii,17,32,10,38,56,115
Acacia mangium,22,34,12,38,97,279
Acacia mearnsii,18,30,5,35,85,215
Acacia melanoxylon,18,22,4,30,88,270
Acacia millifera,22,32,12,40,33,234
Acacia monticola,20,32,12,42,25,121
Acacia murrayana,12,34,5,42,52,176
Acacia neriifolia,22,32,8,39,47,128
Acacia nilotica,19,34,10,50,55,285
Acacia oraria,22,32,14,38,27,281
Acacia pachyacra,12,30,5,38,100,159
Acacia parchcarpa,25,37,10,45,87,238
Acacia pendula,20,30,4,34,30,254
Acacia plectocarpa,22,35,12,44,11,139
Acacia podalyriifolia,18,32,10,40,95,117
Acacia polystachya,24,32,15,38,97,114
Acacia pruinocarpa,22,35,8,43,81,260
Acacia pycnantha,20,28,5,35,44,237
Acacia rothii,24,34,15,40,80,282
Acacia salicina,24,30,6,36,45,293
Acacia saligna,20,32,5,36,88,165
Acacia senegal,24,32,14,48,41,241
Acacia seyal,24,32,15,45,63,247
Acacia shirleyi,18,36,10,43,88,193
Acacia silvestris,15,25,8,33,31,192
Acacia simsii,22,32,10,40,70,191
Acacia stenophylla,18,32,5,42,73,183
Acacia synchronicia,18,28,5,36,60,250
Acacia tephrina,22,38,10,43,90,152
Acacia tortilis,28,45,10,50,40,205
Acacia torulosa,22,36,12,43,47,104
Acacia trachycarpa,22,32,8,45,81,179
Acacia tumida,22,36,12,42,76,214
Acacia victoriae,12,32,5,38,63,143
Acacia xiphohylla,24,36,12,45,76,256
Acanthosicyos naudinianus,15,30,12,32,47,248
Acanthus ilicifolius,18,26,15,32,43,209
Acanthus mollis,15,30,10,38,92,270
Acca sellowiana,18,21,12,28,10,209
Acehmea magdalenae,24,30,12,36,49,211
Acer caesium,15,21,7,30,20,115
Acer saccharum,14,24,4,28,16,218
Achnatherum splendens,8,15,3,20,89,153
Acmena smithii,18,28,8,36,90,281
Acorus calamus,18,26,4,30,50,218
Acrocarpus fraxinifolius,28,35,12,38,66,198
Acroceras macrum,16,26,12,30,53,274
Acrocomia aculeata,25,35,20,45,88,142
Acrocomia totai,22,28,18,34,62,235
Actinidia arguta,12,25,5,30,66,114
Adansonia digitata,26,36,14,42,19,160
Adansonia grandidieri,22,30,8,35,98,221
Adansonia gregorii,24,34,13,42,76,129
Adina cordifolia,25,35,5,47,38,191
Adonis vernalis,14,30,10,36,43,187
Aegiceras corniculatum,18,26,7,35,51,251
Aegle marmelos,30,42,5,49,59,263
Aeschynomene falcata,20,25,5,35,31,254
Aeschynomene indica,18,30,10,35,96,111
Aesculus indica,23,26,6,30,72,173
Aframomum corrorima,16,24,7,35,39,124
Aframomum melegueta,21,28,10,34,53,132
Afzelia africana,20,32,10,40,81,284
Afzelia quanzensis,18,28,14,36,33,175
Agathis dammara,28,34,12,38,31,197
Agathis labillardieri,24,32,12,40,61,247
Agathis microstachya,22,30,10,36,61,209
Agave cantala,17,30,10,38,88,140
Agave fourcroydes,15,30,10,40,26,165
Agave lecheguilla,15,25,10,30,47,272
Agropyron cristatum,15,25,5,45,71,274
Agropyron dasystachyum,15,25,2,35,94,168
Agropyron desertorum,15,20,5,45,69,293
Agropyron elongatum,12,20,2,25,69,244
Agropyron mongolicum,12,20,3,45,81,206
Agropyron repens,10,20,4,45,26,222
Agropyron riparium,10,18,2,32,19,281
Agropyron sibiricum,15,20,5,45,86,299
Agropyron smithii,7,20,2,45,60,264
Agropyron spicatum,12,20,2,24,76,267
Agropyron tauri,15,20,5,25,51,150
Agropyron trachycaulum,13,22,3,26,62,204
Agropyron trichophorum,15,20,5,25,41,178
Agrostis canina,9,20,2,45,67,133
Agrostis gigantea,12,21,2,32,66,198
Agrostis tenuis,10,20,3,45,80,240
Agrostis trinii,8,15,3,45,10,108
Ailanthus altissima,14,28,6,40,44,267
Ailanthus excelsa,20,40,4,47,60,225
Ailanthus grandis,30,38,4,42,99,157
Albizia adianthifolia,22,28,15,34,77,225
Albizia chevalieri,24,30,18,35,66,256
Albizia chinensis,22,32,15,45,21,264
Albizia lophantha,18,26,10,32,51,167
Albizia lucida,20,34,6,42,53,294
Albizia odoratissima,24,37,5,48,96,261
Albizia pullenii,24,30,20,34,26,175
Albizia toona,22,32,12,37,95,198
Allium chinense,15,26,8,35,93,300
Alnus acuminata,15,28,4,34,17,260
Alnus japonica,18,32,4,36,75,239
Alnus nepalensis,15,28,4,36,28,201
Alnus rubra,17,32,4,45,78,103
Aloe arborescens,18,26,9,38,26,220
Aloe barbadensis,19,27,10,35,15,165
Aloe ferox,18,26,10,30,67,231
Aloe perryi,22,27,12,31,17,265
Alopecurus arundinaceus,9,18,2,15,67,173
Alopecurus geniculatus,10,15,6,22,67,209
Alopecurus pratensis,9,22,2,32,63,107
Aloysia triphylla,18,28,14,33,85,266
Alpinia galanga,27,32,20,36,91,225
Alpinia officinarum,19,27,15,36,34,193
Altingia excelsa,20,32,10,40,79,254
Alysicarpus rugosus,22,30,18,36,61,288
Alysicarpus vaginalis,22,30,15,35,39,194
Amaranthus hybridus,12,30,8,35,28,132
Amaranthus hypochondriacus,19,23,10,32,97,163
Aronia alnifolia,15,20,5,25,48,217
Ammandra natalia,21,26,17,30,33,218
Ammophila arenaria,9,20,2,25,85,162
Ammophila breviligulata,9,18,2,25,78,225
Andropogon gayanus,22,28,16,32,95,118
Andropogon gerardii var. gerardii,10,20,3,28,22,217
Andropogon hallii,10,20,4,30,98,225
Angelica archangelica,5,19,2,22,83,239
Angophora costata,18,28,10,38,82,138
Angophora floribunda,18,30,7,41,55,279
Anisoptera scaphula,20,33,15,38,11,102
Annona atemoya,24,28,12,32,12,173
Annona montana,16,26,14,32,14,130
Annona scleroderma,23,26,8,32,43,279
Annona senegalensis,17,30,14,38,27,105
Anogeissus acuminata,22,32,10,43,26,199
Anogeissus latifolia,22,33,7,47,51,127
Anogeissus pendula,25,35,4,48,100,246
Anthemis nobilis,15,26,3,30,24,298
Anthephora pubescens,16,28,12,36,23,283
Anthocephalus macrophyllus,20,32,15,43,63,289
Anthocleista nobilis,22,30,14,35,88,151
Anthriscus cerefolium,7,21,4,25,99,285
Anthyllis vulneraria,14,20,6,25,80,281
Apios americana,10,20,8,30,57,247
Apium graveolens var. rapaceum,15,25,7,26,84,184
Aquilaria malaccensis,18,24,12,34,80,151
Arachis glabrata,20,28,12,35,79,199
Arachis pintoi,22,28,12,30,89,140
Araucaria angustifolia,18,23,9,27,97,233
Araucaria bidwillii,18,28,7,36,18,223
Araucaria hunsteinii,24,32,12,35,78,277
Archidendron jiringa,20,30,12,40,14,232
Archontophoenix cunningham,20,28,6,36,22,256
Arenga pinnata,22,28,16,32,70,227
Argania sideroxylon,20,30,10,35,11,149
Argyrodendron actinophyllum,18,28,8,36,40,199
Argyrodendron peralatum,20,30,15,38,21,178
Aristida adscensionis,18,28,5,35,60,284
Aristida ciliata,20,26,5,30,68,195
Aristida lanata,20,26,5,30,58,203
Aristida latifolia,22,30,10,42,57,215
Aristida obtusa,20,26,5,30,19,192
Aristida pennata,20,26,5,30,14,104
Aristida plumosa,20,26,5,30,50,158
Aristida pungens,20,26,5,30,20,290
Aristida raddiana,20,26,5,30,73,143
Armoracia rusticana,14,20,6,28,19,165
Arnica montana,8,15,5,25,13,229
Arracacia xanthorrhiza,14,21,10,28,70,162
Arrhenatherum elatius,14,25,3,30,27,291
Artemisia abrotanum,11,22,4,26,36,196
Artemisia afra,22,30,12,35,24,294
Artemisia annua,13,29,10,35,20,160
Artemisia dracunculus,12,22,4,26,42,197
Artocarpus altilis,21,33,16,40,100,214
Artocarpus chaplasha,22,32,10,40,64,236
Artocarpus hirsutus,22,32,16,38,76,202
Artocarpus integer,22,38,16,47,33,145
Artocarpus lakoocha,22,32,8,47,11,212
Arundinaria pusilla,16,28,6,32,16,282
Arundinella hirta,17,30,5,45,58,149
Asclepias tuberosa,14,24,12,30,68,189
Asparagus densiflorus,21,27,15,32,38,197
Astragalus cicer,14,25,7,30,100,103
Astragalus gummifer,15,22,7,28,12,224
Astragalus sinicus,15,25,10,28,85,241
Astrebla elymoides,25,32,15,42,53,197
Astrebla lappacea,25,32,15,42,28,277
Astrebla pectinata,23,30,15,35,40,120
Astrebla squarrosa,25,32,15,42,68,238
Astrocaryum jauari,24,28,20,32,81,174
Astrocaryum vulgare,20,28,18,30,61,207
Atalaya hemiglauca,18,39,8,44,14,117
Atherosperma moschatum,14,20,7,24,16,195
Athrotaxis selaginoides,15,22,5,28,17,156
Atriplex canescens,12,17,5,33,58,143
Atriplex confertifolia,12,30,5,50,69,151
Atriplex gardneri,12,17,5,33,10,191
Atriplex glauca,16,28,5,36,26,198
Atriplex halimus,16,28,5,36,21,236
Atriplex hortensis,12,28,3,36,71,155
Atriplex lentiformis,12,24,5,35,51,205
Atriplex nummularia,16,28,3,36,27,191
Atriplex vesicaria,16,28,6,36,15,189
Attalea cohune,22,28,15,32,17,268
Attalea funifera,22,25,18,30,61,267
Aucoumea klaineana,28,36,20,40,99,191
Avena byzantina,18,24,2,36,41,136
Avena fatau,12,20,2,30,89,139
Avena nuda,16,22,8,30,52,199
Avena sterilis,12,32,2,36,73,286
Avicennia germinans,20,30,10,35,92,128
Avicennia marina,20,34,8,39,74,179
Axonopus affinis,27,32,13,36,16,263
Axonopus scoparius,18,28,5,34,20,300
Azadirachta indica,26,40,14,46,86,135
Azanza garckeana,15,30,10,38,38,100
Azolla pinnata,20,35,15,40,84,138
Baccaurea motleyana,24,28,18,34,18,181
Baccaurea racemosa,21,28,14,34,84,185
Baccaurea ramiflora,24,28,18,34,29,266
Balanites aegyptiaca,20,35,15,41,81,137
Bambusa arundinacea,22,30,8,36,77,148
Bambusa balcooa,22,28,9,35,73,191
Bambusa blumeana,18,32,8,37,73,223
Bambusa longispiculata,22,28,9,35,51,214
Bambusa nutans,22,28,9,32,38,236
Bambusa polymorpha,22,28,9,32,64,125
Bambusa tulda,22,28,9,32,49,277
Banksia integrifolia,18,32,10,37,85,176
Baphia nitida,24,30,16,32,95,248
Bassia latifolia,20,30,8,47,39,138
Bauhinia esculenta,24,30,16,32,57,206
Bauhinia racemosa,24,36,5,47,75,207
Bauhinia rufescens,30,40,20,46,63,252
Beckmannia eruciformis,11,20,7,34,36,272
Beckmannia syzigachne,9,20,2,24,10,138
Berchemia discolor,14,30,10,38,78,225
Berrya cordifolia,26,32,20,34,15,299
Bertholletia excelsa,20,36,12,40,37,161
Beta vulgaris var. crassa,15,25,5,30,87,297
Beta vulgaris var. flavescens,20,30,15,35,22,177
Betula pubescens,10,18,6,26,18,221
Boehmeria nivea,17,27,10,34,22,266
Boesenbergia rotunda,18,30,12,35,61,229
Bombacopsis quinata,21,32,16,36,91,212
Bombax ceiba,28,42,5,49,37,218
Bombax insigne,30,35,10,43,35,261
Borago officinalis,15,22,4,26,96,115
Borassus flabellifer,24,32,16,36,98,279
Borojoa patinoi,20,28,15,32,36,165
Boswellia serrata,33,42,7,47,28,265
Bothriochloa insculpta,15,25,7,30,98,222
Bothriochloa pertusa,14,27,4,31,56,254
Bougainvillea glabra,18,25,10,38,99,149
Bouteloua curtipendula,13,22,4,26,69,275
Bouteloua gracilis,12,27,2,32,80,286
Brachiaria dura,30,35,10,43,28,163
Brachiaria radicans,22,28,5,35,86,257
Brachiaria ramosa,17,26,9,32,33,142
Brachychiton acerifolius,26,32,10,36,100,126
Brachystegia spiciformis,14,28,10,35,62,247
Brassica campestris,17,30,5,41,64,279
Brassica carinata,10,25,5,35,94,157
Brassica napus var. napobrassica,14,24,5,35,17,102
Brassica oleracea var. acephala,15,22,7,30,36,232
Brassica rapa Gaisin gr.,20,25,10,30,87,234
Brassica rapa Pak Choi,20,25,10,32,47,216
Brassica rapa var. rapifera,10,17,7,30,68,207
Bridelia micrantha,18,28,15,38,58,299
Bromus carinatus,10,18,2,22,31,281
Bromus inermis,12,25,2,45,61,292
Bromus marginatus,10,21,2,26,47,277
Bromus tomentellus,12,19,2,23,30,211
Bromus unioloides,14,24,5,28,75,114
Buchanania latifolia,32,42,5,48,37,141
Buchloe dactyloides,17,25,3,32,99,144
Buckinghamia celsissima,22,32,12,37,96,157
Bursera simaruba,18,28,8,36,60,270
Butea monosperma,20,38,10,48,82,203
Butomus umbellatus,15,24,12,35,84,234
Butyrospermum paradoxum ssp. parkii,29,38,18,43,25,180
Caesalpinia coriaria,18,30,11,36,20,137
Caesalpinia sappan,22,28,18,34,40,183
Calamagrostis epigeios,8,27,3,35,59,172
Calamus caesius,23,30,16,34,93,218
Calamus erinaceus,24,32,20,37,27,163
Calamus peregrinus,22,30,17,35,70,231
Calathea allouia,22,31,16,35,48,207
Calendula officinalis,16,26,8,30,23,263
Calliandra calothyrsus,22,30,18,34,75,102
Callitris columellaris,24,34,8,37,24,137
Callitris endlicheri,18,32,10,40,80,180
Callitris glauca,22,30,9,35,36,101
Callitris macleayana,20,28,5,34,32,184
Callitris preissii var. Murray,16,33,3,37,11,296
Callitris preissii ssp. preissii,20,28,5,32,44,221
Callitris preissii var. verrucosa,22,35,3,40,58,216
Calophyllum apetalum,30,35,12,38,37,168
Calophyllum brasiliense,20,30,15,38,75,121
Calophyllum elatum,28,33,16,38,94,165
Calophyllum peekelii,20,30,10,38,56,111
Calotropis procera,15,30,10,40,41,278
Caltha palustris,14,23,2,27,79,186
Camellia sinensis var. assamica,20,30,12,35,96,277
Camellia sinensis var. sinensis,20,30,8,35,28,278
Campanula rapunculus,12,18,5,24,94,126
Canarium ovatum,22,34,12,40,12,176
Cannabis sativa ssp. indica,15,28,6,32,95,262
Capparis decidua,30,42,5,48,78,158
Capparis spinosa,13,27,10,31,38,254
Capparis tomentosa,24,34,16,40,90,300
Capsicum baccatum var. pendulum,20,26,15,32,98,116
Capsicum chinense,20,26,15,32,25,122
Capsicum pubescens,15,24,7,32,70,262
Caragana intermedia,15,30,5,55,36,242
Caragana korshinskii,15,30,5,50,77,139
Caragana microphylla,15,30,5,55,81,209
Carallia lucida,22,32,5,43,22,243
Carapa guianensis,20,30,15,38,91,122
Cardwellia sublimis F.Muell,22,30,10,38,12,220
Carica pubescens,17,22,10,28,11,254
Cariniaria pyriformis,25,30,18,34,55,105
Carissa carandas,23,30,16,34,38,196
Carissa edulis,20,35,10,39,17,234
Carissa macrocarpa,23,28,10,34,86,164
Carludovica palmata,24,32,12,37,28,268
Carpinus betulus,10,20,6,35,66,121
Carum carvi,16,20,7,26,84,164
Caryocar nuciferum,21,28,10,35,26,163
Caryodendron orinocense,20,29,12,35,21,271
Caryota urens,24,32,18,38,98,113
Cassia auriculata,22,30,8,38,40,150
Cassia brewsteri,22,35,12,40,70,228
Cassia rotundifolia,20,28,10,36,97,188
Cassia senna,22,28,12,32,59,171
Cassia siamea,23,33,13,48,57,246
Cassia tomentosa,10,20,8,30,36,202
Castanea crenata,17,28,12,30,59,236
Castanea dentata,15,19,10,30,61,139
Castanea mollissima,15,26,10,30,99,108
Castanea pumila,15,25,12,30,25,290
Casuarina campestris,18,30,8,36,92,197
Casuarina cristata,24,34,8,40,88,212
Casuarina cunninghamiana,20,36,8,42,75,165
Casuarina decaisneana,20,35,10,47,76,114
Casuarina dielsiana,22,32,10,38,48,128
Casuarina fraseriana,18,28,7,34,85,202
Casuarina glauca,20,30,5,34,11,236
Casuarina huegeliana,22,35,6,40,76,116
Casuarina junghuhniana,20,28,13,32,92,264
Casuarina littoralis,18,28,8,36,17,164
Casuarina luehmannii,25,35,10,40,87,259
Casuarina obesa,20,34,8,41,29,112
Casuarina stricta,18,25,8,32,62,219
Casuarina torulosa,20,30,8,35,35,272
Catha edulis,18,24,7,32,47,166
Cedrus deodara,22,32,4,38,90,199
Cenchrus biflorus,28,35,11,45,36,165
Cenchrus pennisetiformis,26,32,10,45,74,149
Cenchrus setigerus,28,35,15,40,96,198
Centrosema acutifolium,22,28,12,35,73,212
Centrosema macrocarpum,22,28,10,35,63,128
Centrosema pascuorum,22,32,10,40,28,113
Centrosema virginianum,22,30,15,35,21,123
Cephaelis ipecacuanha,23,27,19,32,38,220
Ceratonia siliqua,20,32,10,39,53,294
Ceratopetalum apetalum,20,28,5,34,95,232
Ceriops decandra,22,28,15,32,22,117
Ceriops tagal,20,30,10,38,22,104
Chamaedorea sp.,22,32,10,40,39,281
Chamaedorea tepejilote,20,28,15,32,69,158
Chamaerops humilis,18,30,8,36,35,211
Chenopodium album ssp. album,12,18,3,31,97,271
Chenopodium ambrosioides,15,22,4,31,24,291
Chenopodium pallidicaule,10,16,5,28,47,185
Chlorogalum pomeridianum,14,28,12,32,98,290
Chlorophora excelsa,18,33,12,36,97,126
Chloroxylon swietenia,30,40,10,47,97,291
Chrysanthemum coccineum,12,20,3,28,96,154
Chrysanthemum coronarium var. coronarium,12,18,7,25,79,241
Chrysophyllum albidum,18,28,12,34,62,288
Chrysopogon plumulosus,30,35,20,40,40,261
Chukrasia velutina,25,35,10,42,32,292
Cinchona calisaya,17,24,7,28,30,137
Cinchona ledgeriana,17,24,7,28,50,187
Cinchona officinalis,14,23,7,27,46,161
Cinnamomum burmannii,20,28,11,34,43,271
Cinnamomum cassia,15,32,10,38,50,160
Cinnamomum loureirii,20,30,17,34,20,196
Citrofortunella x microcarpa,15,28,8,38,74,163
Citrullus colocynthis,23,32,14,40,89,117
Citrus deliciosa,22,26,13,32,97,167
Citrus latifolia,20,28,12,32,45,175
Citrus madurensis,22,28,8,36,77,205
Citrus unshiu,18,28,12,34,72,159
Clausena lansium,22,30,12,35,63,114
Cleistogenes chinensis,16,27,5,35,85,206
Cleistogenes squarrosa,9,28,3,38,51,263
Cleistopholis glauca,28,36,20,39,73,287
Clinelymus dahuricus,18,28,8,38,23,251
Clitoria laurifolia,21,28,17,34,16,245
Cnicus benedictus,18,26,7,32,38,242
Cnidoscolus chayamansa,20,32,12,38,89,109
Cochlospermum religiosum,30,42,5,47,87,230
Cola acuminata,23,28,18,32,26,111
Cola nitida,21,30,10,35,25,226
Colchicum autumnale,10,20,6,24,31,154
Coleus parviflorus,18,28,6,36,17,185
Colocasia esculenta var. antiquorum,19,25,5,30,71,269
Colophospermum mopane,26,36,12,50,92,264
Combretum aculeatum,20,30,15,45,27,208
Combretum micranthum,22,35,10,45,13,124
Commiphora africana,23,33,18,40,46,267
Conocarpus erectus,20,30,10,38,51,221
Conocarpus lancifolius,22,38,15,50,17,282
Copaifera langsdorfii,20,27,0,0,49,182
Corchorus capsularis,20,37,13,45,42,125
Cordeauxia edulis,25,30,20,38,49,101
Cordia africana,25,30,5,34,55,235
Cornus canadensis,10,18,6,24,87,230
Coronilla varia,15,28,10,40,25,177
Corylus colurna var. colurna,16,28,5,37,72,140
Corylus maxima,20,27,5,35,28,300
Cotylelobium burckii,22,34,12,38,59,125
Cotylelobium lanceolatum,19,34,8,38,74,121
Cotylelobium melanoxylon,22,34,12,38,61,145
Coula edulis,25,35,20,40,59,124
Crambe abyssinica,15,25,10,35,92,167
Crambe cordifolia,15,24,12,36,52,300
Crambe maritima,14,24,4,28,73,224
Crocus sativus,7,19,4,23,81,139
Crotalaria brevides var. brevides,16,26,12,30,77,290
Crotalaria lanceolata,20,28,9,32,92,163
Crotalaria spectabilis,21,28,9,32,35,177
Cryptocarya erythroxylon,18,28,6,34,25,133
Cryptomeria japonica,15,23,5,30,93,139
Cryptotaenia japonica,15,27,10,30,61,295
Cucumis anguria,21,28,8,32,58,104
Cucurbita ficifolia,15,21,6,35,47,287
Cucurbita foetidissima,20,30,5,35,35,241
Cucurbita mixta,16,28,10,38,50,210
Cullenia rosayroana,30,35,13,40,14,288
Cuminum cyminum,17,26,9,30,12,201
Cunninghamia lanceolata,20,27,5,30,25,138
Cupressus arizonica,18,35,4,38,37,219
Cupressus lusitanica,16,32,6,36,19,182
Cupressus macrocarpa,20,32,6,36,26,261
Cupressus torulosa,20,32,5,45,55,244
Curcuma zedoaria,22,27,14,32,27,151
Cybistax donnellsmithii,22,28,17,34,98,192
Cydonia oblonga,10,30,7,35,92,108
Cymbopogon martini var. motia,24,30,18,34,71,169
Cymbopogon nardus var. lenabatu,20,30,16,36,16,281
Cymbopogon martini var. sofia,24,30,20,34,74,125
Cymbopogon nardus var. mahapengiri,22,30,16,36,47,132
Cynara cardunculus,14,28,7,38,100,134
Cynodon nlemfuensis,18,24,10,35,65,175
Cynodon plectostachyus,20,27,13,36,51,266
Cynometra cauliflora,22,35,17,40,72,120
Cyperus esculentus,14,26,4,30,62,131
Cyperus longus,14,32,10,45,58,206
Cytisus proliferus,18,23,10,28,27,195
Dacrydium franklinii,14,26,10,30,59,172
Dacryodes edulis,14,35,18,28,40,107
Dactylis glomerata,12,26,5,31,15,248
Dactylis glomerata ssp. hispanica,16,25,5,30,52,185
Dactyloctenium giganteum,22,30,2,42,27,297
Dalbergia latifolia,16,35,5,48,31,262
Dalbergia sissoo,26,40,5,50,67,290
Dendrocalamus asper,20,27,15,34,82,170
Dendrocalamus hamiltonii,20,29,15,34,71,123
Dendrocalamus longispathus,20,27,15,34,46,252
Dendrocalamus merrillianus,22,28,15,34,12,104
Dendrocalamus strictus,20,27,16,32,20,257
Dendrolobium umbellatum,22,34,13,40,13,123
Derris indica,22,32,3,50,23,185
Derris malaccensis,22,30,20,34,15,300
Desmanthus virgatus,25,32,15,36,20,215
Desmodium cinereum,22,30,18,32,69,231
Desmodium gyroides,18,28,10,34,41,109
Desmodium ovalifolium,14,24,4,34,70,130
Desmodium sandwicense,25,33,5,37,48,128
Desmodium velutinum,20,26,18,32,43,257
Deyeuxia angustifolia,16,26,6,35,11,196
Dialium guineense,21,25,15,30,21,201
Dichanthium sericeum,15,28,10,32,25,142
Dichrostachys cinerea,15,40,10,50,69,273
Digitalis lanata,18,26,7,30,77,250
Digitalis purpurea,11,17,3,24,60,187
Digitaria exilis,22,27,18,31,39,230
Digitaria milanjiana,22,28,8,35,95,157
Dillenia aurea,30,40,7,47,32,162
Dillenia pentagyna,30,42,7,47,22,125
Dimocarpus longan var. longan,18,30,7,36,70,133
Dimocarpus longan var. malesianus,25,30,18,38,50,239
Dioscorea cayenensis,20,32,12,40,94,251
Dioscorea composita,25,30,15,38,43,243
Dioscorea dumetorum,25,32,15,40,44,149
Dioscorea floribunda,25,30,15,38,28,299
Dioscorea opposita,21,30,11,36,22,107
Dioscorea trifida,18,26,10,36,25,100
Diospyros malabarica,25,35,10,40,85,176
Diospyros melanoxylon,25,35,8,48,48,176
Diospyros mespiliformis,16,27,12,34,61,146
Diospyros virginiana,19,25,10,28,39,236
Diplachne fusca,22,28,15,35,18,204
Diploglottis cunninghamii,18,28,8,36,78,267
Dipterocarpus alatus,22,32,10,36,10,140
Dipterocarpus costatus,21,31,10,38,27,119
Dipterocarpus gracilis,24,32,10,40,51,278
Dipterocarpus indicus,22,30,13,38,46,261
Dipterocarpus macrocarpus,22,30,5,38,92,287
Dipterocarpus turbinatus,24,32,10,40,70,201
Dipteryx odorata,22,30,16,34,66,226
Dobera glabra,20,35,15,45,74,271
Dodonaea viscosa ssp. angustifolia,18,38,7,45,55,206
Doryphora sassafras,18,28,8,34,36,183
Dovyalis caffra,20,28,10,35,92,247
Dovyalis hebecarpa,22,28,12,35,18,117
Duboisia myoporoides,20,30,10,36,17,124
Dysoxylum fraseranum,20,28,8,34,71,208
Echinochloa frumentacea,25,30,10,35,24,248
Echinochloa polystachya,22,28,14,32,99,232
Echinochloa pyramidalis,22,28,18,32,20,193
Echinochloa turneriana,22,30,15,35,13,159
Echinochloa utilis,15,25,10,35,53,283
Ehrharta calycina,12,16,8,20,10,201
Eichhornia crassipes,20,35,10,40,35,131
Elaeagnus angustifolia,20,32,5,36,39,287
Elaeis oleifera,20,30,14,34,29,233
Eleusine africana,18,27,7,35,99,159
Eleusine coracana ssp. coracana,18,30,8,35,73,257
Elymus canadensis,10,22,2,27,59,120
Elymus cinereus,10,18,2,22,46,274
Elymus condensatus,18,22,2,18,20,137
Elymus glaucus,9,15,2,19,73,287
Endiandra palmerstonii,22,28,10,34,47,167
Ensete ventricosum,16,24,8,30,37,211
Entada abyssinica,20,28,15,35,82,235
Enterolobium cyclocarpum,23,28,18,36,11,264
Entolasia imbricata,20,28,8,35,87,278
Eragrostis chloromelas,17,25,6,31,86,153
Eragrostis cilianensis,22,30,5,40,98,249
Eragrostis curvula,17,32,7,38,36,189
Eragrostis lehmanniana,17,25,7,31,60,219
Eragrostis pilosa,18,30,5,36,52,127
Eragrostis superba,22,28,10,35,55,111
Eragrostis tef,22,28,2,30,23,295
Eragrostis tremula,22,28,3,35,78,272
Eragrostis trichodes,16,24,7,31,83,166
Eremochloa ophiuroides,20,32,10,36,89,206
Eriochloa punctata,22,28,12,33,22,116
Eruca sativa,15,25,8,29,44,248
Erythrina abyssinica,16,26,10,30,83,298
Erythrina edulis,15,22,5,25,66,293
Erythrina poeppigiana,22,28,16,36,28,129
Erythrina vespertilio,20,35,10,45,81,214
Erythrophleum chlorostahys,22,28,13,43,20,285
Eucalyptus accedens,18,28,8,40,82,195
Eucalyptus agglomerata,18,28,8,37,12,225
Eucalyptus albens,18,30,8,40,31,107
Eucalyptus astringens,18,28,8,40,100,275
Eucalyptus bosistoana,17,26,8,35,39,145
Eucalyptus botryoides,22,29,5,35,54,106
Eucalyptus brassiana,22,33,10,38,100,109
Eucalyptus brevifolia,24,38,14,45,90,279
Eucalyptus brockwayi,25,34,4,40,99,243
Eucalyptus calophylla,18,26,8,36,80,161
Eucalyptus citriodora,22,32,12,40,58,202
Eucalyptus cladocalyx,23,32,6,35,53,214
Eucalyptus cloeziana,22,32,8,37,16,194
Eucalyptus consideniana,15,27,8,33,98,127
Eucalyptus cornuta,17,27,10,35,61,193
Eucalyptus crebra,26,36,9,40,97,185
Eucalyptus dalrympleana,17,28,4,34,81,224
Eucalyptus delegatensis,17,25,4,30,84,277
Eucalyptus diversicolor,18,28,8,36,29,199
Eucalyptus dumosa,18,28,8,39,58,222
Eucalyptus elata,15,28,8,33,13,234
Eucalyptus eugenioides,18,28,8,38,79,266
Eucalyptus exserta,20,30,10,44,33,217
Eucalyptus fastigata,16,28,3,32,17,161
Eucalyptus fraxinoides,15,28,8,36,84,159
Eucalyptus globulus var. bicostata,25,32,5,38,42,121
Eucalyptus globulus ssp. globulus,14,23,6,30,10,222
Eucalyptus globulus ssp. maidenii,22,30,8,35,70,208
Eucalyptus globulus var. pseudoglobulus,24,27,5,30,90,155
Eucalyptus gomphocephala,24,32,7,36,28,180
Eucalyptus gongylocarpa,20,38,8,44,50,152
Eucalyptus guilfoylei,18,26,10,32,42,236
Eucalyptus gummifera,18,32,10,40,18,191
Eucalyptus intermedia,18,28,8,38,50,186
Eucalyptus intertexta,28,38,10,42,93,100
Eucalyptus jacksonii,15,25,8,33,86,126
Eucalyptus jensenii,22,34,13,43,75,237
Eucalyptus johnstonii,12,18,5,26,69,259
Eucalyptus largiflorens,27,36,8,40,25,162
Eucalyptus leucoxylon,18,30,8,38,88,160
Eucalyptus longifolia,18,26,8,33,68,261
Eucalyptus loxophleba,20,32,8,42,71,221
Eucalyptus maculata,23,32,4,36,87,211
Eucalyptus marginata,17,27,8,37,66,284
Eucalyptus melliodora,24,33,4,36,60,286
Eucalyptus microcarpa,18,30,8,40,28,238
Eucalyptus microcorys,24,34,9,38,90,268
Eucalyptus microtheca,24,39,5,45,62,164
Eucalyptus moluccana,18,28,10,38,85,125
Eucalyptus muelleriana,15,25,8,34,99,192
Eucalyptus nesophila,22,32,15,44,23,162
Eucalyptus nigra,20,28,12,38,39,179
Eucalyptus nitens,14,26,4,30,89,137
Eucalyptus obliqua,18,30,4,34,33,256
Eucalyptus occidentalis,26,36,5,40,60,158
Eucalyptus ochrophloia,20,37,10,42,47,186
Eucalyptus odontocarpa,22,38,12,43,82,295
Eucalyptus oreades,17,25,8,35,21,198
Eucalyptus oxymitra,20,33,10,38,52,259
Eucalyptus paniculata,23,31,5,34,75,271
Eucalyptus patens,18,28,8,37,41,112
Eucalyptus pauciflora,15,27,5,32,20,130
Eucalyptus pellita,24,34,10,38,43,257
Eucalyptus phoenicea,22,35,13,45,32,123
Eucalyptus pilularis,18,28,8,38,68,143
Eucalyptus planchoniana,18,28,8,36,25,104
Eucalyptus polyanthemos,16,28,7,38,14,229
Eucalyptus polycarpa,20,29,10,44,20,180
Eucalyptus populnea,20,34,10,43,81,159
Eucalyptus propinqua,16,33,7,37,22,222
Eucalyptus pulchella,15,22,7,30,98,187
Eucalyptus punctata,18,28,8,40,88,292
Eucalyptus quadrangulata,17,27,8,36,23,173
Eucalyptus radiata ssp. radiata,15,28,5,36,18,266
Eucalyptus radiata ssp. robusta,15,25,5,36,20,125
Eucalyptus regnans,12,25,7,31,91,186
Eucalyptus resinifera,16,34,6,38,55,205
Eucalyptus rudis,20,32,8,42,54,101
Eucalyptus salmonophloia,28,36,8,40,23,101
Eucalyptus salubris,20,34,8,43,29,114
Eucalyptus sargentii,29,36,7,40,18,256
Eucalyptus sideroxylon,25,34,8,40,100,140
Eucalyptus sieberi,22,27,8,35,24,138
Eucalyptus smithii,20,28,8,36,43,148
Eucalyptus socialis,18,36,8,41,72,168
Eucalyptus st.-johnii,16,27,5,31,13,199
Eucalyptus subcrenulata,10,15,5,21,86,296
Eucalyptus tessellaris,20,34,10,43,50,134
Eucalyptus tetrodonta,22,30,12,45,80,110
Eucalyptus thozetiana,22,35,10,43,97,223
Eucalyptus torelliana,27,38,10,42,73,180
Eucalyptus transcontientalis,20,30,8,42,72,105
Eucalyptus trivalvis,22,38,12,45,91,243
Eucalyptus umbra ssp. carnea,18,26,8,38,87,267
Eucalyptus umbra ssp. umbra,18,28,10,42,39,146
Eucalyptus urophylla,18,28,8,34,25,159
Eucalyptus viminalis,18,32,4,35,52,204
Eucalyptus wandoo,18,30,8,41,81,232
Eucryphia lucida,12,22,5,26,57,112
Eugenia dombeyi,21,32,15,38,29,287
Eugenia gustavioides,28,32,13,38,93,199
Eugenia suborbiculare,24,38,12,44,23,218
Eugenia uniflora,21,27,12,32,53,113
Eugenia uvalha,20,26,15,30,44,211
Euphorbia tirucalli,25,37,12,41,41,259
Euterpe chaunostachys,23,30,18,34,74,174
Euterpe edulis,18,23,14,30,61,166
Euterpe oleracea,22,28,16,32,30,276
Exotheca abyssinica,17,25,3,30,97,263
Fagopyrum emarginatum,15,28,7,37,60,226
Fagopyrum tataricum,15,25,5,30,55,269
Fagraea fragrans,20,30,10,36,34,206
Fagus grandifolia,13,22,5,28,49,105
Fagus sylvatica ssp. sylvatica,10,20,6,35,88,206
Faidherbia albida,18,30,12,13,73,181
Festuca arundinacea,15,22,5,30,80,159
Festuca idahoensis,10,18,2,22,98,274
Festuca longifolia,14,24,5,28,54,300
Festuca pratensis,11,19,4,24,40,295
Festuca rubra var. commutata,10,18,2,22,95,152
Festuca rubra var. rubra,12,18,4,22,12,294
Fibraurea tinctoria,22,32,10,37,97,165
Ficus abutilifolia,18,25,14,30,50,262
Ficus auriculata,15,25,12,32,58,158
Ficus benghalensis,26,36,9,40,32,140
Ficus glumosa,22,36,15,42,44,112
Ficus macrophylla,18,28,10,34,89,119
Ficus subcordata,22,30,15,39,97,299
Ficus sycomorus,18,36,12,44,74,213
Ficus vogelii,22,30,15,35,100,186
Flindersia bourjotiana,20,30,10,38,26,185
Flindersia brayleyana,20,30,10,38,25,211
Flindersia pimenteliana,20,30,10,38,13,220
Fortunella hindsii,26,37,12,40,80,209
Fragaria chiloensis,11,18,5,27,82,238
Fragaria virginiana,11,18,5,27,36,187
Frangula alnus,18,24,7,35,94,179
Fraxinus excelsior,8,20,5,33,45,154
Furcraea gigantea var. willemettiana,23,30,16,34,27,267
Garcinia multiflora,21,28,15,36,94,150
Garuga pinnata,30,42,7,47,60,225
Geissois benthamiana,18,28,8,34,10,108
Genipa americana,24,31,12,35,48,135
Genista tinctoria,14,20,6,26,28,202
Gleditsia triacanthos,26,38,6,40,23,175
Gluta travancorica,26,29,18,34,88,267
Glyceria fluitans,14,26,10,32,13,110
Glycyrrhiza glabra,14,25,5,30,74,131
Glycyrrhiza lepidota,10,17,4,23,61,113
Gmelina leichhardtii,26,30,10,36,35,110
Gossypium arboreum,26,36,18,38,59,145
Gossypium herbaceum,26,36,18,38,73,249
Gracilaria tenuistipitata,20,30,5,35,58,175
Gracilaria verrucosa,20,25,5,30,12,226
Grevillea parallella,22,35,10,46,47,170
Grewia asiatica,23,34,10,44,46,267
Grewia bicolor,20,28,15,35,64,187
Grewia tiliifolia,30,42,7,47,98,149
Guaiacum officinale,22,28,20,34,40,243
Guaiacum sanctum,22,28,20,34,27,298
Guazuma ulmifolia,22,32,10,36,98,100
Guizotia abyssinica,18,26,11,34,94,165
Gunnera tinctoria,15,25,10,30,80,269
Gynandropsis gynandra,18,25,10,35,32,298
Hagenia abyssinica,25,32,5,36,49,291
Haloxylon aphyllum,25,40,8,50,84,225
Hardwickia binata,16,38,5,46,97,215
Harungana madagascariensis,20,28,12,36,30,173
Hedysarum carnosum,15,25,5,30,45,240
Hedysarum coronarium,14,28,3,35,97,118
Hedysarum flexuosum,15,25,5,30,33,261
Hedysarum pallidum,15,25,5,30,54,219
Hedysarum spinosissimum,15,25,5,30,100,293
Hemarthria japonica,17,28,7,38,18,176
Hibiscus sabdariffa var. altissima,16,28,12,36,86,267
Hibiscus sabdariffa var. sabdariffa,24,32,10,36,99,129
Hierochloe odorata,18,26,5,45,59,189
Hieronyma chocoensis,24,34,20,38,50,106
Hilaria jamesii,12,17,3,21,15,278
Hilaria mutica,19,26,10,30,73,246
Hippophae rhamnoides,8,20,4,39,71,267
Hippophae salicifolia,8,18,4,25,97,126
Hopea odorata,26,36,10,41,66,180
Hopea parviflora,26,33,8,27,91,150
Hopea utilis,24,33,10,38,64,208
Hopea wightiana,27,35,12,40,85,266
Hordeum brevisubulatum,17,28,5,38,24,136
Hordeum bulbosum,13,23,3,35,81,164
Humulus lupulus,15,19,8,35,87,214
Hydnocarpus alpina,30,35,10,40,53,189
Hydnocarpus kurzii,28,34,7,42,56,119
Hydnocarpus laurifolia,30,37,13,43,42,215
Hymenachne acutigluma,20,28,10,35,30,185
Hymenaea courbaril,20,30,16,36,12,175
Hymenodictyon excelsum,22,33,5,47,73,201
Hyoscyamus niger,10,18,6,28,66,171
Hyparrhenia hirta,20,32,10,40,56,147
Hyparrhenia rufa,20,27,11,32,91,128
Hyphaene thebaica,26,36,10,45,24,100
Hyssopus officinalis,10,24,7,36,81,254
Ilex dipyrena,20,27,5,31,11,140
Ilex paraguariensis,17,26,12,30,47,184
Indigofera arrecta,22,30,16,36,71,116
Indigofera tinctoria,22,28,7,32,28,118
Inga feuillei,22,28,18,33,80,297
Inga vera,18,28,15,35,31,242
Irvingia gabonensis,25,32,20,38,75,128
Ischaemum ciliare,30,35,20,40,89,149
Ischaemum magnum,29,35,20,45,17,243
Iseilema laxum,24,34,20,40,74,136
Iseilema membranaceum,30,40,20,45,58,183
Ixophorus unisetus,20,24,15,30,87,214
Jacaranda copaia,24,38,14,42,76,107
Jacaranda mimosifolia,20,34,10,38,24,241
Jessenia bataua,21,28,17,32,37,119
Juglans hindsii,14,14,8,20,93,111
Juglans nigra,13,28,2,36,50,142
Juglans sieboldiana,15,28,5,36,16,154
Juniperus procera,18,30,7,55,83,149
Justicia adhatoda,20,27,12,32,24,130
Kerstingiella geocarpa,18,34,12,38,70,140
Khaya senegalensis,29,38,13,42,57,158
Koeleria cristata,8,15,3,20,39,201
Lactuca indica,22,34,10,40,89,188
Lagerstroemia lanceolata,18,35,10,45,83,140
Lagerstroemia parviflora,20,35,4,47,32,171
Lagerstroemia tomentosa,26,36,10,43,55,232
Laguncularia racemosa,20,30,10,38,44,124
Lamium album,12,20,7,28,89,253
Lannea coromandelica,32,40,8,47,44,183
Larix decidua,8,22,5,30,29,285
Lasiurus hirsutus,23,30,8,48,31,245
Lathyrus cicera,10,18,4,22,42,241
Lathyrus hirsutus,17,25,4,30,82,267
Lathyrus ochrus,10,18,4,22,48,236
Lathyrus sativus,10,28,4,32,38,264
Lavandula angustifolia,15,24,7,28,15,252
Lavandula dentata,15,24,7,28,92,293
Lavandula intermedia,17,26,10,30,81,285
Lavandula latifolia,18,26,14,32,66,247
Leersia hexandra,27,33,11,36,63,135
Lemna minor,7,25,5,30,48,249
Lemuropisum edule,22,30,14,38,72,174
Lens culinaris,15,29,5,32,95,188
Lepidium meyenii,12,18,3,22,34,214
Lepidium sativum,14,21,3,28,41,145
Leptochloa fusca,15,30,9,40,42,248
Lespedeza stipulacea,14,24,6,30,32,145
Lespedeza striata,16,26,6,36,95,268
Lesquerella fendleri,11,18,8,25,10,231
Leucaena diversifolia,18,30,8,36,51,112
Levisticum officinale,12,18,6,22,71,119
Licuala ramsayi,22,32,13,36,61,161
Limnanthes alba,8,16,4,20,27,215
Linum usitatissimum,16,24,5,30,99,254
Liquidambar styraciflua,20,34,5,38,25,165
Livistona australis,20,28,8,34,45,290
Lolium multiflorum,14,30,2,38,94,207
Lonchocarpus nicou,23,32,15,41,38,196
Lophostemon suaveolens,22,33,12,38,92,209
Lotus corniculatus,15,25,3,30,54,182
Lotus creticus,12,30,8,35,78,110
Lotus edulis,15,24,4,28,18,119
Lotus halophilus,15,24,4,28,93,240
Lotus tenuis,15,23,4,38,86,142
Lotus uliginosus,15,24,3,28,95,281
Loudetia simplex,22,28,15,35,46,183
Lumnitzera littorea,22,28,10,32,11,227
Lumnitzera racemosa,22,28,15,32,60,104
Lupinus albus,18,24,6,32,32,221
Lupinus cosentinii,20,28,15,32,98,295
Lupinus luteus,18,24,6,30,54,213
Lupinus mutabilis,18,24,6,30,46,300
Lupinus pilosus,12,18,6,26,69,173
Lycium chinense,13,25,8,32,39,210
Maesopsis eminii,22,28,16,36,34,182
Majorana hortensis,20,26,10,30,90,134
Mallotus philippensis,25,34,7,45,49,179
Malva moschata,14,28,10,32,25,206
Manilkara zapota,20,34,11,42,71,282
Marrubium vulgare,17,24,7,30,88,171
Matricaria recutita,19,25,6,30,12,192
Mauritia flexuosa,22,30,18,34,60,168
Medicago arabica,15,28,4,32,42,173
Medicago falcata,15,24,2,37,69,285
Medicago intertexta,15,20,4,25,51,292
Medicago laciniata,15,20,4,25,92,133
Medicago littoralis,15,20,4,35,13,205
Medicago lupulina,14,25,3,30,88,244
Medicago minima,15,20,4,25,88,102
Medicago orbicularis,14,24,11,28,43,225
Medicago polymorpha,15,25,4,30,48,118
Medicago rigidula,15,20,4,25,12,158
Medicago rugosa,15,20,4,25,10,124
Medicago scutellata,18,26,9,30,25,109
Medicago tornata,15,20,4,25,84,112
Medicago truncatula,20,25,8,35,51,228
Medicago turbinata,15,20,4,25,43,277
Medicago varia,15,23,2,35,52,262
Melaleuca arcana,22,32,18,38,88,280
Melaleuca bracteata,22,34,10,43,89,289
Melaleuca cajuputi,22,32,16,38,55,228
Melaleuca dealbata,31,37,10,40,67,125
Melaleuca lanceolata,18,32,8,43,90,164
Melaleuca nervosa,22,38,14,43,64,172
Melaleuca viridiflora,22,38,12,43,78,188
Melia azedarach,16,30,8,35,84,267
Melia azedarach var. australasica,18,32,10,37,14,287
Melia compostia,30,42,7,47,98,243
Melilotus indica,15,25,4,28,86,193
Melilotus officinalis,12,24,5,28,97,238
Melilotus suaveolens,10,17,5,24,94,176
Melocalamus compactiflorus,20,29,15,34,47,229
Melocanna baccifera,20,33,15,38,68,181
Mentha pulegium,13,22,6,27,51,259
Mentha spicata var. crispa,15,25,4,36,67,270
Mesua ferrea,30,35,4,45,93,274
Michelia champaca,30,37,10,47,54,140
Michelia doltsopa,30,37,5,45,80,272
Mikania cordata,22,28,13,38,15,266
Miliusa velutina,30,42,7,47,30,191
Mimosa pigra,15,30,8,38,91,249
Momordica charantia,22,30,15,38,73,155
Momordica cochinchinensis,20,30,14,35,30,244
Monstera deliciosa,28,34,18,38,69,250
Morus rubra,19,25,12,32,26,232
Mucuna pruriens,20,30,10,34,86,189
Murraya koenigii,27,41,8,47,87,100
Musa acuminata,23,33,12,42,81,161
Musa acuminata x balbisiana,25,35,15,40,64,238
Musa halabanensis,24,30,15,35,76,128
Musa salaccensis,24,30,15,35,27,158
Musanga cecropioides,28,36,20,40,98,272
Myrciaria cauliflora,22,28,10,32,37,295
Myroxylon balsamum,22,28,16,32,24,282
Myroxylon balsamum var. perei.,22,30,16,36,79,238
Myrsine africana,22,30,5,35,21,195
Myrtus communis,15,24,10,28,80,182
Nauclea orientalis,30,40,15,45,32,292
Neofabricia myrtifolia,22,34,16,38,55,189
Neoglazovia variegata,18,30,14,36,49,294
Neohouzeaua dullooa,20,29,15,34,45,143
Nepeta cataria,7,19,4,26,82,287
Neptunia prostrata,25,35,15,38,93,105
Nicotiana rustica,15,30,10,40,13,216
Nigella sativa,14,26,5,30,15,138
Nothofagus cunninghamii,16,24,5,32,88,223
Nothofagus moorei,18,25,8,32,82,131
Nuphar advena,14,30,10,36,90,246
Nuphar lutea,18,28,12,35,14,296
Ochroma pyramidale,18,35,15,38,44,231
Ocimum tenuiflorum,20,28,15,35,82,290
Octomeles sumatrana,29,34,20,38,39,243
Olea africana,22,28,15,35,45,245
Olea capensis,14,18,10,30,39,267
Olea cuspidata,24,32,5,45,51,193
Oncosperma tigillarium,20,30,10,35,19,199
Onobrychis scrobiculata,18,27,4,32,56,101
Onobrychis viciifolia,18,27,4,34,51,200
Opuntia ficus-indica,18,26,10,30,35,210
Orbignya cohume,25,30,20,34,82,181
Orbignya oleifera,25,30,20,34,58,103
Origanum onites,15,25,6,32,18,272
Ornithopus roseus,16,26,4,30,80,250
Ornithopus sativus,15,20,11,24,27,102
Oryza glaberrima,26,32,16,38,95,149
Oryza sativa ssp. indica,25,35,16,38,69,134
Oryza sativa ssp. javanica,23,35,16,38,87,214
Oryzopsis holciformis,9,16,4,20,20,261
Oryzopsis miliacea,16,25,8,29,100,168
Oxytenanthera nigrociliata,20,29,15,34,50,161
Pachystela msolo,16,31,12,38,58,172
Palaquium gutta,24,30,17,38,87,183
Panax ginseng,12,20,8,27,84,149
Panax quinquefolium,12,20,8,27,91,222
Pandanus julianettii,13,24,6,30,81,160
Panicum coloratum var. makarikariense,26,32,20,35,15,252
Panicum maximum var. trichoglume,25,32,20,38,20,100
Panicum miliaceum,20,32,15,45,43,178
Panicum obtusum,16,25,10,33,37,135
Panicum repens,18,26,13,35,20,144
Panicum sumatrense,22,27,15,45,60,125
Panicum turgidum,25,35,8,40,88,279
Panicum virgatum,17,32,6,36,78,260
Panicum whitei,25,35,20,40,32,124
Papaver bracteatum,12,20,3,24,89,172
Papaver somniferum,15,24,3,28,61,150
Parinari curatellifolia,14,30,10,36,80,206
Parkia biglobosa,28,40,8,44,30,158
Parkia speciosa,20,28,16,36,90,236
Parthenium argentatum,20,34,8,49,46,181
Paspalum distichum,20,30,15,36,52,117
Paspalum nicorae,16,23,8,30,32,232
Paspalum notatum,18,30,5,36,98,120
Paspalum plicatulum var. glabrum,19,30,6,40,34,176
Paspalum urvillei,6,23,2,33,36,299
Paspalum wettsteinii,15,25,12,30,76,297
Passiflora edulis var. edulis,23,28,15,32,27,127
Paullinia cupana,24,32,18,38,26,208
Paulownia tomentosa,24,30,15,34,19,137
Peltandra virginica,12,24,8,32,51,246
Peltophorum pterocarpum,27,36,10,40,79,271
Pennisetum glaucum,25,35,12,40,63,144
Pennisetum pedicellatum,30,35,20,40,65,123
Pentaclethra macrophylla,24,30,18,34,23,106
Pericopsis elata,26,35,20,40,12,120
Pericopsis mooniana,26,34,20,38,65,225
Perilla frutescens,5,30,0,0,94,242
Persoonia falcata,22,38,12,41,81,281
Petalostigma pubescens,20,37,12,42,16,237
Phalaris aquatica,12,18,7,24,76,195
Phalaris arundinacea,17,25,2,38,81,222
Phalaris canariensis,10,18,6,25,71,265
Phalaris coerulescens,14,19,9,25,60,106
Phleum pratense,15,22,2,26,52,289
Phoenix reclinata,20,30,15,35,40,220
Phoenix sylvestris,25,35,20,40,30,250
Phormium tenax,13,25,9,30,17,141
Phragmites australis,30,35,7,40,98,233
Phragmites communis,17,28,5,38,45,135
Emblica officinalis,20,29,14,35,82,266
Phyllocladus aspleniifolius,17,24,5,30,61,164
Physalis philadelphica,15,25,8,31,96,231
Phytolacca acinosa,12,18,5,28,45,137
Picea abies,5,15,3,25,59,233
Picea morida,15,25,2,32,59,290
Pimenta racemosa,22,28,18,32,99,293
Pimpinella anisum,18,26,5,30,69,208
Pinus ayacahuite,17,24,9,28,69,224
Pinus ayachuite var. Br.,10,20,5,28,24,211
Pinus brutia,20,35,6,39,85,257
Pinus canariensis,19,29,9,33,28,135
Pinus caribaea ssp. bahamensis,26,32,16,37,75,181
Pinus caribaea ssp. caribaea,26,34,16,38,18,254
Pinus caribaea ssp. hondurensis,27,34,15,37,23,294
Pinus chiapensis,23,28,14,32,41,182
Pinus douglasiana,15,25,8,32,88,285
Pinus durangensis,12,18,5,28,69,164
Pinus excelsa,18,28,4,39,64,231
Pinus gerardiana,15,25,4,38,48,246
Pinus greggii,16,24,8,28,38,290
Pinus halepensis,18,34,6,38,36,248
Pinus hartwegii,10,18,5,25,36,149
Pinus kesiya,22,30,12,34,91,145
Pinus michoacana var. cornuta,17,28,10,36,98,166
Pinus montezumae,16,24,8,28,12,144
Pinus mugo,5,18,3,25,19,118
Pinus occidentalis,24,32,13,36,100,284
Pinus oocarpa var. ochoterenai,15,26,10,32,42,256
Pinus pinea,18,32,8,38,69,277
Pinus pseudostrobus var. oaxacana,15,24,10,32,97,224
Pinus roxburghii,20,30,8,35,41,223
Pinus rudis,10,18,5,28,83,236
Pinus strobus var. chiapensis,18,30,12,38,58,117
Pinus sylvestris,14,23,2,35,87,187
Pinus sylvestris var. mongolica,15,25,5,40,100,141
Pinus tabulaeformis,15,35,5,45,11,169
Pinus tenuifolia,17,28,10,36,55,125
Pinus teocote,14,26,8,34,52,139
Pistacia lentiscus,18,24,12,40,49,142
Pithecellobium dulce,20,30,12,40,69,114
Pittosporum resiniferum,18,28,0,0,64,236
Platanus orientalis,12,30,9,38,43,289
Plectranthus esculentus,15,28,10,36,64,239
Poa annua,12,22,2,33,48,199
Poa bulbosa,13,22,3,28,39,297
Poa compressa,20,32,5,38,11,297
Poa fendleriana,13,17,9,24,93,104
Poa pratensis,15,27,5,37,28,165
Poa sinaica,15,35,5,45,67,280
Poa trivialis,10,24,2,28,31,208
Podocarpus elatus,18,30,8,34,62,182
Poeciloneuron indicum,30,37,13,42,87,152
Polyalthia fragrans,30,35,13,42,26,133
Polymnia sonchifolia,12,22,5,30,38,288
Populus euphratica,20,40,10,52,94,243
Populus simonii,15,25,5,40,99,295
Portulaca quadrifida L.,22,32,16,36,92,244
Pouteria lucuma,21,27,11,36,80,202
Pouteria sapota,24,30,15,36,65,162
Prosopis africana,22,35,18,40,88,192
Prosopis chilensis,22,30,12,45,37,105
Prosopis cineraria,28,45,6,50,53,297
Prosopis juliflora,22,35,14,45,61,103
Prosopis pallida,22,28,19,32,73,269
Prosopis spicigera,25,35,5,50,64,249
Prosopis tamarugo,18,32,8,36,23,153
Prosopis velutina,23,28,19,34,96,167
Prunus avium,18,28,6,40,26,113
Prunus capuli,10,22,8,30,91,257
Prunus cerasus,15,25,4,30,79,137
Prunus mume,18,34,6,38,70,131
Prunus salicina,18,34,6,38,59,145
Psathyrostachys juncea,9,22,2,28,52,144
Psidium friedrichsthalianum,22,28,16,31,22,281
Psoralea patens,20,28,5,35,33,170
Pterocarpus angolensis,15,32,12,38,94,190
Pterocarpus dalbergioides,22,32,15,37,95,125
Pterocarpus erinaceus,22,32,15,36,22,266
Pterocarpus lucens,15,32,12,40,56,136
Pterocarpus macrocarpus,24,34,8,44,57,267
Pterocarpus marsupium,22,32,4,47,59,260
Pterocarpus santalinus,26,32,7,46,34,180
Puccinellia tenuiflora,16,26,6,35,33,195
Pyrus pyrifolia,17,25,7,40,67,177
Quercus agrifolia,10,30,5,35,92,230
Quercus alba,12,28,7,32,10,286
Quercus bicolor,15,28,10,40,36,214
Quercus dilatata,15,25,2,32,93,280
Quercus ilex,14,32,4,36,93,199
Quercus incana,15,25,2,38,70,270
Quercus lamellosa,15,25,4,32,34,229
Quercus lanuginosa,15,25,2,32,78,102
Quercus lineata,15,25,4,32,69,144
Quercus robur,10,18,5,41,76,257
Quercus semecarpifolia,12,22,2,30,25,205
Quercus suber,14,32,5,42,96,146
Quercus virginiana,18,32,7,38,60,172
Raphanus caudatus,12,26,10,37,40,262
Raphia hookeri,24,30,14,36,63,141
Rauvolfia serpentina,22,30,4,35,37,178
Rhamnus prinoides,14,22,8,32,88,172
Rhynchosia minima,22,34,15,42,10,279
Ribes hirtellum,10,22,5,25,88,100
Ribes nigrum,17,25,5,30,71,110
Ribes rubrum,10,22,5,25,71,198
Ribes sativum,13,23,5,27,65,270
Ribes uva-crispa,15,25,3,40,88,234
Ricinodendron heudelotii,20,30,14,34,42,196
Ricinodendron rautanenii,18,30,10,40,60,189
Robinia pseudoacacia,15,32,6,40,97,210
Roseodendron donnell-smithii,23,31,17,35,93,126
Rosmarinus officinalis,18,30,8,38,80,163
Rubus occidentalis,14,20,5,26,89,298
Rubus occidentalis x idaeus,15,20,5,28,45,146
Rumex crispus,14,18,8,28,96,232
Rumex obtusifolius,14,18,6,23,55,149
Ruta graveolens var. bracteosa,17,26,4,30,44,190
Saccharum barberi,20,32,12,38,80,222
Saccharum sinense,20,32,12,38,91,120
Sageraea elliptica,22,30,18,35,61,240
Sagittaria sagittifolia,16,24,12,28,92,119
Salacca wallichiana,22,32,18,38,51,135
Salacca zalacca,22,30,12,36,22,283
Salicornia bigelovii,10,25,5,30,91,199
Salix babylonica var. sacramenta,21,26,10,30,20,199
Salix flavida,15,25,5,40,40,195
Salvadora persica,15,30,12,42,94,239
Salvia sclarea,17,30,8,35,97,265
Sambucus canadensis,15,20,5,25,53,201
Sambucus cerulea,15,20,7,26,71,180
Sanguisorba minor,13,22,4,26,62,220
Sansevieria guineensis,20,30,15,36,67,124
Santalum acuminatum,18,25,5,40,80,288
Santalum album,22,30,10,38,55,279
Santalum spicatum,32,38,7,45,44,269
Sapindus emarginatus,32,40,10,47,76,189
Sapium sebiferum,20,28,10,32,94,136
Satureja hortensis,20,26,14,30,42,229
Satureja montana,13,30,6,40,48,158
Sauropus androgynus,26,35,5,38,72,102
Schinus molle,20,28,5,32,69,195
Schizolobium parahybum,20,26,9,30,92,101
Schizomeria ovata,16,28,5,34,74,108
Schleichera oleosa,30,42,10,47,53,300
Scirpus lacustris,14,22,8,30,63,148
Sclerocarya caffra,25,30,20,35,94,116
Secale montanum,13,19,2,26,72,120
Sehima nervosum,22,28,10,35,10,222
Serenoa repens,15,25,10,35,77,267
Sesbania bispinosa,18,30,10,34,79,125
Sesbania cannabia,18,26,12,32,87,118
Sesbania exaltata,18,28,10,32,69,148
Sesbania formosa,22,38,14,45,12,136
Sesbania macrantha var. levis,22,28,12,32,50,203
Sesbania macrantha var. macrantha,18,28,8,32,31,177
Sesbania pachycarpa,18,26,12,32,99,281
Sesbania sesban,18,28,10,45,96,277
Setaria italica,16,26,5,35,37,128
Setaria sphacelata cv. Kazungula,22,28,8,32,48,256
Setaria sphacelata cv. Nandi,20,25,6,30,72,191
Setaria sphacelata cv. Narok,20,25,4,30,15,162
Shorea assamica,22,28,10,32,42,222
Shorea robusta,28,34,7,47,43,189
Shorea talura,27,35,12,45,64,156
Shorea tumbuggaia,25,35,13,43,82,252
Silybum marianum,22,35,18,40,68,231
Simarouba glauca,22,29,18,34,50,260
Simmondsia chinensis,21,36,10,50,30,230
Sinapis alba,10,25,5,30,37,264
Sloanea woollsii,18,28,8,34,15,100
Solanum aethiopicum,20,30,10,40,85,199
Solanum ferox,24,30,10,35,38,187
Solanum hyporhodium,18,26,10,30,98,279
Solanum incanum,20,26,10,30,39,187
Solanum oleraceum,18,26,8,38,80,292
Solanum macrocarpon,20,26,10,32,84,194
Solanum x juzepczukii,6,14,3,18,67,238
Solenostemon rotundifolius,17,27,8,36,88,234
Sonneratia apetala,20,30,10,35,60,168
Sorbus domestica,12,25,8,32,58,170
Sorghum x drummondii,21,33,12,38,85,138
Soymida febrifuga,32,40,10,47,37,251
Spartium junceum,15,22,5,28,49,284
Sphenostylis stenocarpa,23,29,15,35,89,186
Spodiopogon sibiricus,8,25,3,40,22,159
Spondias purpurea,22,28,13,35,68,115
Sporobolus airoides,17,25,3,31,14,185
Stachys affinis,17,23,10,27,16,234
Stephegyne parvifolia,20,35,5,47,24,121
Sterculia campanulata,26,32,17,36,84,160
Sterculia urens,30,42,7,47,60,268
Sterculia villosa,30,42,7,47,69,139
Stereospermum suaveolens,24,32,5,47,28,224
Stevia rebaudiana,18,30,15,43,61,131
Stipa barbata,20,25,5,30,29,201
Stipa lagascae,20,25,5,30,91,177
Stipa parviflora,20,25,5,30,65,176
Stipa tenacissima,15,25,3,35,32,181
Stripa baicalensis,8,27,3,38,52,136
Stripa breviflora,18,30,5,36,81,194
Stripa capillata,18,26,5,40,27,150
Stripa glareosa,12,30,5,36,86,133
Stripa gobica,12,22,5,30,91,227
Stripa grandis,17,28,5,38,43,210
Stripa Krylovii,8,15,3,36,28,172
Strychnos cocculoides,16,28,12,40,32,242
Strychnos innocua,19,31,15,36,85,214
Strychnos spinosa,20,28,15,32,22,124
Stylosanthes capitata,22,30,15,35,16,236
Stylosanthes erecta,23,30,15,36,52,190
Stylosanthes fruticosa,25,30,5,35,64,209
Stylosanthes guianensis var. guianensis,18,28,15,34,30,141
Stylosanthes guianensis var. intermedia,15,28,5,43,84,279
Stylosanthes humilis,25,32,15,36,80,190
Stylosanthes macrocephala,22,30,15,35,56,225
Stylosanthes scabra,20,30,10,35,26,253
Syncarpia glomulifera,18,28,8,36,43,200
Syncarpia hillii,20,30,10,35,39,129
Syzygium cordatum,15,25,10,35,56,141
Syzygium guineense,15,30,10,38,22,267
Tamarix aphylla,27,40,8,50,76,257
Tamarix chinensis,20,38,5,50,77,129
Taraxacum officinale,14,22,5,26,100,193
Tarchonanthus camphoratus,17,33,8,38,90,268
Telfairia occidentalis,21,30,19,38,88,149
Telfairia pedata,23,28,14,38,92,240
Teramnus labialis,17,27,10,36,53,188
Terminalia arjuna,20,33,5,47,92,279
Terminalia arostrata,22,38,12,45,64,222
Terminalia chebula,22,35,5,47,40,178
Terminalia ivorensis,24,30,20,34,87,104
Terminalia myriocarpa,22,32,7,39,60,140
Terminalia paniculata,22,30,13,39,92,235
Terminalia sericocarpa,22,38,12,45,75,299
Terminalia tomentosa,22,35,5,48,64,164
Terminalia volucris,22,38,12,44,14,229
Tetragonia tetragonioides,19,28,10,36,40,194
Tetrapleura tetraptera,25,30,20,35,30,271
Thaumatococcus daniellii,21,30,15,35,44,298
Themeda quadrivalis,22,28,15,35,30,178
Theobroma bicolor,22,28,10,35,94,248
Theobroma grandiflorum,22,32,10,40,33,169
Thymus serpyllum,11,22,4,26,92,200
Thyrsostachys siamensis,20,29,15,34,68,165
Tilia cordata,12,22,5,28,75,157
Toona ciliata,18,34,8,48,10,289
Toona serrata,30,38,5,45,22,113
Trachyspermum ammi,16,24,10,30,31,207
Trewia nudiflora,25,37,12,42,19,283
Trifolium agrarium,14,18,4,29,47,214
Trifolium alexandrinum,16,27,3,35,83,209
Trifolium ambiguum,10,17,3,22,12,143
Trifolium arvense,9,16,4,20,66,108
Trifolium campestre,12,18,5,25,29,134
Trifolium cherlei,15,25,3,30,28,271
Trifolium dubium,12,18,5,25,35,223
Trifolium fragiferum,12,22,4,28,98,269
Trifolium hirtum,15,24,5,30,54,282
Trifolium hybridum,12,20,4,27,72,299
Trifolium incarnatum,13,22,4,28,14,180
Trifolium medium,8,16,4,20,52,166
Trifolium michelianum,20,25,10,30,74,167
Trifolium nigrescens,16,22,10,26,41,237
Trifolium pilulare,12,22,4,26,44,179
Trifolium resupinatum,13,22,3,26,68,109
Trifolium rueppellianum,12,26,5,30,32,175
Trifolium subterraneum,15,25,3,30,50,206
Trifolium tomentosum,12,22,4,26,43,166
Trifolium variegatum,14,19,6,25,17,282
Trifolium vesiculosum,15,21,8,26,10,284
Trigonella foenum-graecum,13,27,5,32,80,144
Triplochiton scleroxylon,24,30,18,36,10,260
Tripsacum andersonii,22,30,12,35,32,108
Tripsacum dactyloides,10,24,7,30,95,254
Tristania conferta,18,28,10,36,92,268
Triticum compactum,10,16,4,20,95,238
Triticum dicoccon,15,20,4,25,13,239
Triticum durum,17,25,6,30,26,274
Triticum spelta,10,17,4,24,73,265
Tylosema esculentum,22,30,16,50,51,202
Typha angustifolia,10,24,7,28,42,149
Typha domingensis,16,28,14,30,58,285
Typha latifolia,10,25,6,30,55,244
Uapaca kirkiana,18,24,12,32,65,119
Uncaria gambir,25,32,20,36,47,281
Urochloa mosambicensis,15,28,10,35,53,295
Urochloa oligotricha,25,32,15,36,22,168
Urochloa panicoides,25,40,15,45,92,188
Urtica dioica,12,22,8,28,10,238
Vaccinium angustifolium,13,20,4,30,86,159
Vaccinium corymbosum,18,30,7,42,99,209
Vaccinium macrocarpon,16,24,4,27,15,225
Vaccinium myrtillus,8,17,5,25,35,198
Vangueria infausta,17,28,12,36,36,219
Vangueria madagascariensis,17,29,12,34,54,141
Vateria indica,24,33,17,38,52,216
Ventilago viminalis,22,36,12,44,81,286
Vernonia amygdalina,20,26,16,35,89,236
Vicia benghalensis,18,24,8,30,22,188
Vicia monantha,10,18,4,26,48,139
Vicia narbonensis,10,24,4,32,72,108
Vicia pannonica,10,17,4,22,72,169
Vicia villosa ssp. dasycarpa,10,24,4,32,31,260
Vigna hosei,22,30,15,35,97,109
Vigna luteola,20,30,13,35,88,285
Vigna parkeri,12,27,8,35,78,253
Vigna subterranea,19,30,16,38,99,130
Vigna trilobata,22,31,18,35,19,273
Vigna unguiculata ssp. sesquipedalis,20,35,14,38,77,105
Vigna unguiculata ssp. unguiculata,20,35,10,40,67,208
Vigna vexillata,20,28,15,32,10,293
Vitellaria paradoxa,24,38,18,43,50,240
Vitex agnus-castus,12,22,8,35,49,273
Vitex doniana,14,28,10,36,30,106
Vitex keniensis,15,20,12,28,10,211
Vitex parviflora,22,28,12,34,62,240
Vitis labrusca,15,25,6,35,19,289
Vitis rotundifolia,18,32,10,40,83,108
Warburgia ugandensis,14,28,10,32,43,107
Withania somnifera,18,32,12,40,13,300
Wrightia tomentosa,22,32,5,45,90,245
Xanthosoma brasiliense,22,30,10,36,52,260
Xylia dolabriformis,24,36,8,45,37,165
Xylia xylocarpa,16,35,8,45,33,143
Xylocarpus granatum,22,30,10,40,27,132
Xylocarpus mekongensis,18,35,7,39,37,263
Xylocarpus moluccensis,20,35,7,40,67,215
Yucca elephantipes,18,32,6,38,53,201
Zea mays ssp. saccharata,16,24,12,38,88,195
Euchlaena mexicana,17,28,3,32,26,188
Zizania latifolia,22,32,14,35,81,130
Ziziphus mucronata,12,30,8,36,37,243
Zostera marina,15,25,10,32,93,171
Zoysia matrella,18,26,12,30,46,251
Asimina triloba,12,22,8,32,36,103
Abutilon theophrasti,14,25,10,30,54,118
Raphanus sativus var. radicula,12,25,3,30,87,171
Vigna oblongifolia,17,23,13,30,89,264
Vigna parkeri sp. maranguensis,17,21,12,28,71,240
Prunus africana,14,18,12,26,73,288
Setaria incrassata,16,30,12,36,35,135
Tipuana tipu,14,28,8,38,57,233
Chamaecytisus palmensis,16,24,12,30,14,149
Leucaena collinsii,22,30,16,36,96,228
Leucaena collinsii sp. collinsii,22,30,16,36,72,190
Leucaena pallida,16,24,12,30,17,106
Leucaena trichandra,17,22,12,28,51,283
Leucaena collinsii sp. zacapana,22,30,16,36,39,191
Leucaena salvadorensis,25,30,20,35,19,289
Acacia brevispica,20,30,14,35,35,234
Prosopis glandulosa,18,28,14,40,81,175
Acacia abyssinica,20,30,10,40,20,144
Acacia caffra,15,35,10,40,77,134
Acacia dudgeoni,22,32,14,40,67,250
Acacia haematoxylon,18,35,10,45,46,250
Agrostis stolonifera,9,22,4,45,81,286
Albizia amara,15,40,10,50,60,170
Alisma plantago-aquatica,8,18,6,24,63,157
Alysicarpus monilifer,17,28,12,34,77,125
Andrographis paniculata,20,30,14,38,68,248
Angelica atropurpurea,10,18,6,26,33,127
Apocynum cannabinum,12,22,6,30,32,128
Aponogeton distachyos,12,18,10,24,56,223
Asclepias incarnata,15,25,10,35,14,152
Asclepias speciosa,12,24,8,30,59,261
Bothriochloa ischaemum,15,25,6,30,14,133
Caragana arborescens,14,28,10,36,59,252
Desmodium dichotomum,24,34,20,38,44,112
Erythroxylum coca,17,23,14,27,17,242
Eucalyptus globulus,18,23,6,30,70,243
Eugenia jambos,18,38,5,40,35,116
Festuca ovina,10,22,2,26,49,238
Hylocereus undatus,18,28,12,34,72,109
Mentha rotundifolia,10,25,4,30,90,108
Ornithopus compressus,15,20,11,24,70,244
Panicum trichocladum,16,28,10,36,67,121
Paspalum atratum,22,27,16,33,59,228
Peltophorum africanum,20,32,16,38,54,261
Petasites hybridus,12,17,5,24,31,265
Pontederia cordata,14,24,10,30,43,204
Populus deltoides,14,30,8,34,87,198
Prunus domestica,18,33,6,36,90,163
Quercus chrysolepis,20,25,10,32,66,234
Quercus dumosa,14,28,8,34,19,262
Samolus valerandi,16,24,12,32,30,220
Sparganium erectum,12,24,8,28,25,232
Taxodium distichum,20,30,8,34,84,152
Trapa natans,15,25,10,35,86,195
Valeriana officinalis,15,24,5,32,95,241
Vicia ervilia,12,22,5,28,36,248
Ziziphus mauritiana,25,42,7,50,35,226
Persea americana ssp. mexican,14,22,10,28,40,104
Persea americana ssp. guatemalan,15,24,12,30,38,157
Persea americana ssp. west indian,15,26,12,34,88,172
Glycine wightii,20,30,13,32,16,176
Eucalyptus camaldulensis; northern provenance,25,35,10,50,41,121
Pinus merkusii; island provenances,23,30,19,34,37,261
Ipomoea aquatica var. reptans,15,35,10,40,33,162
Vigna unguiculata ssp. biflora,20,35,10,34,65,248
Casuarina cristata ssp. pauper,27,37,10,42,29,127
Elaeocarpus grandis,18,28,8,38,96,287
Argyrodendron actinophyllum ssp. diversifoliu,20,30,10,36,12,200
Pinus michoacana var. turmida,18,28,8,36,34,278
Gelidiella acerosa,20,28,12,36,41,208
Eusideroxylon zwageri,20,30,10,38,71,242
Mimosa scabrella,16,27,10,34,45,249
Chenopodium album,12,18,3,31,34,292
Acacia decurrens,12,25,6,30,52,122
Ludwigia adscendens,15,25,8,30,58,100
Marsilea quadrifolia,20,28,14,32,24,231
Ruta graveolens,17,26,4,30,75,200
Zornia latifolia,18,28,13,34,58,135
Phytolacca dioica,18,32,12,38,43,238
Brachylaena huillensis,15,25,10,35,96,150
Podocarpus falcatus,13,20,8,35,73,173
Acanthosicyos horridus,15,30,10,40,60,144
Borassus aethiopum,20,35,15,45,45,249
Rhigozum trichotomum,15,35,10,45,41,293
Chlorophytum comosum,12,24,8,30,53,125
Ficus thonningii,22,28,16,36,72,236
Girardinia diversifolia,12,18,8,28,77,127
Faurea saligna,20,28,16,35,67,258
Protea caffra ssp. caffra,15,25,10,30,59,222
Albizia harveyi,18,28,15,30,51,290
Burkea africana,14,36,8,44,59,267
Baikiaea plurijuga,25,38,20,43,26,149
Bolusanthus speciosus,17,27,14,34,48,116
Sesbania rostrata,15,30,10,35,39,271
Dalbergia melanoxylon,20,35,16,40,56,128
Erythrina caffra,16,28,12,35,43,280
Macrotyloma daltonii,22,28,16,34,23,297
Calodendrum capense,20,30,15,45,40,158
Ekebergia capensis,18,26,12,38,60,185
Securidaca longependunculata,20,30,16,36,83,251
Sapium ellipticum,20,27,16,33,91,199
Sclerocarya birrea ssp. caffra,20,40,14,45,44,219
Warburgia salutaris,15,25,10,35,50,182
Terminalia prunioides,20,35,15,40,24,162
Beta vulgaris var. saccharifera,15,25,7,30,75,153
Sorghum bicolor,22,35,8,40,78,121
Stipagrostis amabilis,20,40,10,45,68,254
Fagus sylvatica,10,20,6,35,70,255
Axonopus fissifolius,17,32,13,36,56,284
Chamaecrista nictitans,20,25,15,30,86,198
Paraserianthes falcataria,20,30,15,35,35,108
Orbignya phalerata,20,30,15,40,47,142
Acacia cana,14,30,10,35,88,226
Acacia doratoxylon,22,23,16,38,55,147
Alnus maritima,8,20,13,26,97,133
Euonymus japonicus,12,20,4,28,19,266
Indigofera schimperi,17,26,12,32,39,212
Melilotus albus,12,28,8,32,45,232
Phaseolus bracteatus,15,25,10,35,29,145
Teramnus uncinatus,24,30,18,36,26,279
Raphanus sativus var. oleiferus,12,25,5,30,94,223
Pausinystalia yohimbe,22,28,18,35,36,239
